A1_Score,A2_Score,A3_Score,A4_Score,A5_Score,A6_Score,A7_Score,A8_Score,A9_Score,A10_Score,age,gender,jaundice,austim,Class_ASD,arm_flapping,head_banging,spinning,rocking,gaze_avoidance,echolalia,hypo_gaze,social_isolate
1,1,1,1,0,0,1,1,0,0,26,f,no,no,0,1,1,1,1,2,1,1,2
1,1,0,1,0,0,0,1,0,1,24,m,no,no,0,0,0,0,0,2,0,2,2
1,1,0,1,1,0,1,1,1,1,27,m,yes,no,1,2,2,2,2,2,0,2,2
1,1,0,1,0,0,1,1,0,1,35,f,no,no,0,1,1,1,1,2,0,2,2
1,0,0,0,0,0,0,1,0,0,40,f,no,no,0,0,0,0,0,1,0,1,0
1,1,1,1,1,0,1,1,1,1,36,m,yes,no,1,2,2,2,2,2,1,2,2
0,1,0,0,0,0,0,1,0,0,17,f,no,no,0,0,0,0,0,1,0,0,1
1,1,1,1,0,0,0,0,1,0,64,m,no,no,0,1,1,0,1,2,1,2,2
1,1,0,0,1,0,0,1,1,1,29,m,no,no,0,1,1,1,1,2,0,1,1
1,1,1,1,0,1,1,1,1,0,17,m,yes,no,1,1,2,1,2,2,2,2,2
1,1,1,1,1,1,1,1,1,1,33,m,no,no,1,2,2,2,2,2,2,2,2
0,1,0,1,1,1,1,0,0,1,18,f,no,no,0,1,1,2,1,1,1,1,2
0,1,1,1,1,1,0,0,1,0,17,f,no,no,0,1,1,1,1,1,2,1,2
1,0,0,0,0,0,1,1,0,1,17,m,no,no,0,1,1,1,1,1,0,1,0
1,0,0,0,0,0,1,1,0,1,17,f,no,no,0,1,1,1,1,1,0,1,0
1,1,0,1,1,0,0,1,0,1,18,m,no,no,0,1,0,1,0,2,0,2,2
1,0,0,0,0,0,1,1,1,1,31,m,no,no,0,1,2,1,2,1,0,1,0
0,0,0,0,0,0,0,1,0,1,30,m,no,no,0,0,0,0,0,0,0,1,0
0,0,1,0,1,1,0,0,0,0,35,f,no,no,0,1,0,1,0,0,2,0,0
0,0,0,0,0,0,1,1,0,1,34,m,yes,no,0,1,1,1,1,0,0,1,0
0,1,1,1,0,0,0,0,0,0,38,m,no,no,0,0,0,0,0,1,1,1,2
0,0,0,0,0,0,0,0,0,0,27,f,no,no,0,0,0,0,0,0,0,0,0
0,0,0,1,0,0,1,1,1,1,27,m,no,no,0,1,2,1,2,0,0,1,1
0,0,0,0,0,0,0,1,0,1,42,m,yes,no,0,0,0,0,0,0,0,1,0
1,1,1,1,0,0,0,1,0,0,43,m,no,no,0,0,0,0,0,2,1,2,2
0,1,1,0,0,0,0,1,0,0,24,f,yes,no,0,0,0,0,0,1,1,0,1
0,0,0,0,0,0,0,1,0,0,40,m,yes,no,0,0,1,0,0,0,0,0,0
0,0,0,0,0,0,0,1,0,0,40,m,yes,no,0,0,0,0,0,0,0,0,0
0,0,0,0,0,0,0,1,0,0,48,m,no,no,0,0,0,0,0,0,0,0,0
0,1,1,0,0,0,0,0,1,1,31,m,no,no,0,1,1,0,1,1,1,1,1
0,0,0,0,0,0,0,0,0,0,18,m,no,no,0,0,0,0,0,0,0,0,0
1,0,0,1,1,1,1,1,0,1,37,f,no,no,1,1,1,2,1,1,1,2,1
1,1,0,0,0,0,1,0,0,1,55,f,no,no,0,1,1,1,1,2,0,1,1
1,1,1,1,1,1,1,1,1,1,18,f,yes,no,1,2,2,2,2,2,2,2,2
1,1,1,1,1,1,1,1,1,1,18,f,no,no,1,2,2,2,2,2,2,2,2
0,0,1,0,0,0,0,0,0,0,55,m,no,no,0,0,0,0,0,0,1,0,0
0,1,1,0,1,0,0,1,1,1,50,m,no,no,0,1,1,1,1,1,1,1,1
1,0,1,1,1,1,0,0,1,0,34,f,no,no,0,1,1,1,1,1,2,1,1
1,0,0,1,1,1,1,0,1,1,53,f,no,no,1,2,2,2,2,1,1,2,1
1,0,1,1,0,1,1,1,1,1,35,f,no,no,1,1,2,1,2,1,2,2,1
1,0,1,1,1,0,1,1,0,1,20,f,yes,no,1,1,1,2,1,1,1,2,1
0,0,0,0,1,1,0,0,0,0,28,f,no,no,0,1,0,1,0,0,1,0,0
0,0,1,1,0,0,0,0,0,1,34,f,no,no,0,0,0,0,0,0,1,1,1
0,1,1,1,0,0,0,0,0,1,36,f,yes,no,0,0,0,0,0,1,1,1,2
1,1,1,1,1,1,0,1,0,1,27,f,no,no,1,1,0,1,0,2,2,2,2
1,0,1,1,1,1,0,1,1,0,53,f,no,no,1,1,1,1,1,1,2,1,1
1,1,1,1,0,1,0,0,0,0,24,f,no,no,0,0,0,0,0,2,2,1,2
0,0,1,1,1,0,1,0,0,0,24,m,no,no,0,1,1,2,1,0,1,1,1
0,1,1,0,0,1,0,0,0,0,55,m,no,no,0,0,0,0,0,1,2,0,1
1,1,0,0,0,1,1,1,0,1,30,f,no,no,0,1,1,1,1,2,1,1,1
1,0,0,1,0,0,0,1,0,0,21,f,no,no,0,0,0,0,0,1,0,1,1
1,1,1,1,1,1,1,1,1,1,35,f,no,no,1,2,2,2,2,2,2,2,2
1,0,0,0,0,0,0,0,0,0,30,f,no,no,0,0,0,0,0,1,0,1,0
1,0,1,1,1,1,1,1,0,1,21,m,no,no,1,1,1,2,1,1,2,2,1
1,1,1,1,1,1,1,1,1,1,47,m,no,no,1,2,2,2,2,2,2,2,2
1,1,1,1,1,1,0,1,1,1,30,f,no,no,1,1,1,1,1,2,2,2,2
1,0,1,1,1,1,0,1,1,1,28,f,no,no,1,1,1,1,1,1,2,2,1
1,1,1,1,1,1,0,1,1,1,43,f,no,no,1,1,1,1,1,2,2,2,2
1,0,0,0,1,0,0,1,0,0,32,f,no,no,0,1,0,1,0,1,0,1,0
1,1,1,1,0,0,0,1,0,0,44,f,no,no,0,0,0,0,0,2,1,1,2
1,0,1,1,1,1,1,1,0,1,20,f,no,no,1,1,1,2,1,1,2,2,1
1,0,1,1,0,1,1,1,0,1,20,f,no,no,1,1,1,1,1,1,2,2,1
0,0,0,0,0,0,0,0,0,0,30,m,no,no,0,0,0,0,0,0,0,0,0
1,0,0,1,1,0,0,1,1,0,19,m,no,no,0,1,1,1,1,1,0,2,1
1,1,1,1,1,1,1,1,0,1,29,f,no,no,1,1,1,2,1,2,2,2,2
1,0,1,0,0,0,0,1,0,0,21,m,no,no,0,0,0,0,0,1,1,1,0
0,1,0,0,0,0,0,1,0,0,27,m,no,no,0,0,0,0,0,1,0,0,1
1,0,1,0,1,1,1,1,0,0,21,m,no,no,0,1,1,2,1,1,2,1,0
1,0,0,0,1,0,1,0,0,1,35,m,no,no,0,1,1,2,1,1,0,1,0
0,0,0,0,1,0,0,0,0,0,42,m,no,no,0,1,0,1,0,0,0,0,0
1,1,0,0,0,0,1,1,0,1,29,f,no,no,0,1,1,1,1,2,0,1,1
0,0,1,1,0,0,0,1,0,0,58,m,no,no,0,0,0,0,0,0,1,1,1
1,0,1,1,0,0,1,1,0,1,21,m,no,no,0,1,1,1,1,1,1,2,1
1,1,1,0,0,0,0,1,1,1,21,m,no,no,0,1,1,0,1,2,1,1,1
0,0,1,1,1,0,0,1,1,1,37,f,no,no,0,1,1,1,1,0,1,1,1
1,1,0,1,1,1,1,1,0,0,21,m,no,no,1,1,1,2,1,2,1,2,2
1,0,0,0,0,0,1,1,0,0,20,m,no,no,0,1,1,1,1,1,0,1,0
1,1,0,1,1,1,1,1,1,0,33,f,no,no,1,2,2,2,2,2,1,1,2
1,0,0,1,1,0,0,0,0,1,20,m,no,no,0,1,0,1,0,1,0,2,1
1,1,0,0,0,0,0,0,0,0,45,f,yes,no,0,0,0,0,0,2,0,1,1
0,0,1,1,0,0,1,1,0,1,32,m,yes,no,0,1,1,1,1,0,1,1,1
1,0,0,0,0,0,1,0,0,1,30,m,no,no,0,1,1,1,1,1,0,1,0
1,1,1,1,1,1,1,1,1,1,33,f,no,no,1,2,2,2,2,2,2,2,2
0,0,1,0,1,0,0,1,0,1,42,f,no,no,0,1,0,1,0,0,1,0,0
1,1,0,0,0,0,0,0,0,0,17,f,no,no,0,0,0,0,0,2,0,1,1
1,0,0,0,0,0,0,1,0,1,27,f,no,no,0,0,0,0,0,1,0,1,0
1,0,0,1,1,1,1,1,1,1,35,f,no,no,1,2,2,2,2,1,1,2,1
1,0,0,0,0,0,0,0,0,0,37,m,no,no,0,0,0,0,0,1,0,1,0
1,0,0,0,0,0,0,1,1,1,30,f,no,no,0,1,1,0,1,1,0,1,0
1,1,1,1,1,1,0,1,1,1,29,f,no,no,1,1,1,1,1,2,2,2,2
1,0,1,1,0,0,0,0,0,1,17,f,no,no,0,0,0,0,0,1,1,2,1
0,1,0,0,1,0,1,0,0,1,30,f,no,no,0,1,1,2,1,1,0,0,1
0,0,0,1,1,1,0,1,0,1,22,f,no,no,0,1,0,1,0,0,1,1,1
1,1,1,0,1,1,1,0,1,1,19,f,no,no,1,2,2,2,2,2,2,1,1
1,1,1,1,1,0,0,1,1,1,42,f,no,no,1,1,1,1,1,2,1,2,2
1,1,0,0,0,0,0,1,0,1,37,f,no,no,0,0,0,0,0,2,0,1,1
1,0,0,0,1,0,1,1,0,0,28,f,no,no,0,1,1,2,1,1,0,1,0
1,0,0,1,1,0,1,0,0,0,22,m,no,no,0,1,1,2,1,1,0,2,1
1,1,0,0,0,0,0,1,0,0,26,f,no,no,0,0,0,0,0,2,0,1,1
0,0,0,0,0,0,0,0,1,0,21,m,no,no,0,1,1,0,1,0,0,0,0
0,1,1,0,0,0,0,1,0,0,26,f,no,no,0,0,0,0,0,1,1,0,1
1,0,0,0,0,0,0,1,0,0,39,f,no,no,0,0,0,0,0,1,0,1,0
1,0,0,0,0,0,0,0,1,1,26,m,no,no,0,1,1,0,1,1,0,1,0
1,1,0,0,1,0,1,1,0,0,26,m,no,no,0,1,1,2,1,2,0,1,1
0,0,0,0,1,1,0,1,0,1,21,m,no,no,0,1,0,1,0,0,1,1,0
0,0,0,0,0,0,0,0,0,0,25,m,no,no,0,0,0,0,0,0,0,0,0
0,0,1,0,1,1,1,1,0,1,26,m,no,no,0,1,1,2,1,0,2,1,0
1,1,0,1,1,0,1,1,0,1,30,f,no,no,1,1,1,2,1,2,0,2,2
1,0,0,1,1,1,1,0,0,0,19,f,no,no,0,1,1,2,1,1,1,1,1
1,0,0,0,0,1,1,0,0,0,19,f,no,no,0,1,1,1,1,1,1,1,0
1,0,1,1,1,1,1,1,1,1,25,f,no,no,1,2,2,2,2,1,2,2,1
0,0,1,1,0,1,0,1,1,1,23,m,no,no,0,1,1,0,1,0,2,1,1
1,0,0,0,1,0,0,0,0,1,31,m,no,no,0,1,0,1,0,1,0,1,0
0,1,0,0,0,0,0,1,1,1,27,m,no,no,0,1,1,0,1,1,0,1,1
1,1,0,1,1,1,1,1,0,1,29,f,no,no,1,1,1,2,1,2,1,2,2
1,0,1,1,1,1,0,1,1,0,38,f,no,no,1,1,1,1,1,1,2,1,1
1,1,1,1,1,1,0,1,0,1,23,f,no,no,1,1,0,1,0,2,2,2,2
1,1,1,0,1,0,1,1,0,0,27,m,no,no,0,1,1,2,1,2,1,1,1
1,1,1,1,1,1,0,1,1,1,27,f,no,no,1,1,1,1,1,2,2,2,2
1,1,1,1,1,1,0,0,1,0,42,m,no,no,1,1,1,1,1,2,2,2,2
1,1,1,1,1,1,0,1,1,1,20,m,no,no,1,1,1,1,1,2,2,2,2
1,0,1,1,1,1,1,1,1,1,17,f,no,no,1,2,2,2,2,1,2,2,1
1,0,0,0,0,0,0,0,0,0,20,f,no,no,0,0,0,0,0,1,0,1,0
1,0,0,1,1,1,1,1,0,1,30,m,yes,no,1,1,1,2,1,1,1,2,1
1,0,1,1,1,1,1,1,1,1,28,f,no,no,1,2,2,2,2,1,2,2,1
1,1,0,0,1,1,1,1,0,1,26,f,no,no,1,1,1,2,1,2,1,1,1
0,0,0,0,0,0,0,0,0,0,26,f,no,no,0,0,0,0,0,0,0,0,0
1,0,0,1,1,1,0,1,0,1,31,m,no,no,0,1,0,1,0,1,1,2,1
1,0,1,1,0,0,1,0,0,1,40,f,no,no,0,1,1,1,1,1,1,2,1
1,0,0,0,1,0,0,0,1,1,39,f,no,no,0,1,1,1,1,1,0,1,0
1,1,0,0,0,0,0,1,0,0,18,f,no,no,0,0,0,0,0,2,0,1,1
1,0,0,0,0,0,0,1,0,1,24,m,no,no,0,0,0,0,0,1,0,1,0
1,1,0,0,0,0,0,1,0,0,23,m,no,no,0,0,0,0,0,2,0,1,1
1,0,1,1,0,0,0,1,0,1,24,m,no,no,0,0,0,0,0,1,1,2,1
0,1,0,0,1,1,0,1,1,0,24,m,no,no,0,1,1,1,1,1,1,0,1
1,0,1,1,0,0,0,1,1,1,27,m,no,no,0,1,1,0,1,1,1,2,1
0,1,1,0,0,1,0,0,1,1,24,m,no,no,0,1,1,0,1,1,2,1,1
0,0,0,0,1,0,0,0,0,1,25,m,no,no,0,1,0,1,0,0,0,1,0
1,0,0,0,0,0,1,0,0,1,22,m,no,no,0,1,1,1,1,1,0,1,0
0,1,0,0,0,0,0,0,0,1,40,f,no,no,0,0,0,0,0,1,0,0,1
0,0,1,1,0,0,0,1,0,1,23,m,no,no,0,0,0,0,0,0,1,1,1
1,0,0,0,0,0,0,1,0,0,29,m,no,no,0,0,0,0,0,1,0,1,0
1,0,1,0,0,0,0,1,0,0,25,m,no,no,0,0,0,0,0,1,1,1,0
1,0,0,1,1,0,0,1,0,0,27,m,no,no,0,1,0,1,0,1,0,2,1
0,0,0,0,0,0,0,1,0,0,22,m,no,no,0,0,0,0,0,0,0,0,0
1,0,0,1,1,1,1,1,1,1,28,m,no,no,1,2,2,2,2,1,1,2,1
1,0,1,1,1,1,1,1,1,1,20,m,no,no,1,2,2,2,2,1,2,2,1
1,1,1,1,1,1,1,1,1,1,19,f,no,no,1,2,2,2,2,2,2,2,2
1,1,0,0,1,1,1,1,0,1,37,f,no,no,1,1,1,2,1,2,1,1,1
1,1,1,1,1,0,1,1,1,0,35,m,yes,no,1,2,2,2,2,2,1,2,2
0,0,0,0,1,0,0,1,0,0,26,m,no,no,0,1,0,1,0,0,0,0,0
0,1,1,1,1,0,1,1,0,1,23,m,no,no,1,1,1,2,1,1,1,1,2
1,1,0,0,1,0,0,0,0,1,32,f,no,no,0,1,0,1,0,2,0,1,1
0,0,1,0,1,0,1,0,1,1,30,m,no,no,0,2,2,2,2,0,1,1,0
1,0,0,0,1,0,1,0,0,1,31,m,no,no,0,1,1,2,1,1,0,1,0
0,0,0,0,0,0,1,1,0,1,28,f,no,no,0,1,1,1,1,0,0,0,0
1,0,0,0,0,1,0,1,0,1,29,f,no,no,0,0,0,0,0,1,1,1,0
0,1,0,0,1,0,0,1,0,1,29,f,no,no,0,1,0,1,0,1,0,0,1
1,0,0,1,0,0,0,0,1,1,29,f,no,no,0,1,1,0,1,1,0,2,1
1,0,0,0,0,0,1,1,0,0,31,m,no,no,0,1,1,1,1,1,0,1,0
0,0,0,0,0,0,0,0,0,0,36,m,no,no,0,0,0,0,0,0,0,0,0
0,1,0,0,0,0,0,1,0,0,32,f,no,no,0,0,0,0,0,1,0,0,1
0,0,0,0,0,0,0,1,0,0,34,f,no,no,0,0,0,0,0,0,0,0,0
1,1,0,0,0,0,0,1,0,0,24,m,no,no,0,0,0,0,0,2,0,1,1
1,0,1,0,1,0,1,1,0,1,24,f,no,no,0,1,1,2,1,1,1,1,0
1,0,0,0,1,0,1,1,0,1,42,m,no,no,0,1,1,2,1,1,0,1,0
0,0,1,0,0,0,0,1,1,1,26,f,no,no,0,1,1,0,1,0,1,0,0
1,0,0,0,1,0,1,1,0,0,27,f,no,no,0,1,1,2,1,1,0,1,0
0,0,1,1,1,0,0,1,1,1,36,f,no,no,0,1,1,1,1,0,1,1,1
1,1,1,1,1,0,0,1,1,1,36,f,no,no,1,1,1,1,1,2,1,2,2
1,0,1,1,0,0,1,1,0,1,55,m,no,no,0,1,1,1,1,1,1,2,1
1,1,0,1,0,0,1,0,0,0,23,f,no,no,0,1,1,1,1,2,0,1,2
0,0,1,1,1,0,0,0,0,1,22,f,no,no,0,1,0,1,0,0,1,1,1
1,0,0,0,0,0,0,1,0,0,42,f,no,no,0,0,0,0,0,1,0,1,0
1,0,0,1,0,0,0,1,0,0,54,m,no,no,0,0,0,0,0,1,0,2,1
1,1,0,0,0,0,1,1,1,1,43,f,no,no,0,1,2,1,2,2,0,1,1
1,1,1,1,1,1,0,1,1,1,43,f,no,no,1,1,1,1,1,2,2,2,2
0,0,1,1,1,0,0,1,1,1,29,m,no,no,0,1,1,1,1,0,1,1,1
1,0,1,0,1,0,0,1,0,1,29,m,no,no,0,1,0,1,0,1,1,1,0
1,0,1,0,1,0,1,0,0,0,37,m,no,no,0,1,1,2,1,1,1,1,0
1,0,0,0,1,0,1,0,0,1,39,f,no,no,0,1,1,2,1,1,0,1,0
1,1,1,1,1,0,0,0,0,0,18,f,no,no,0,1,0,1,0,2,1,1,2
0,1,0,1,1,1,0,1,0,1,31,m,no,no,0,1,0,1,0,1,1,1,2
0,0,1,1,1,0,0,0,0,1,34,m,no,no,0,1,0,1,0,0,1,1,1
0,0,1,1,1,0,1,0,0,1,22,m,no,no,0,1,1,2,1,0,1,1,1
1,0,1,1,1,1,1,0,1,0,28,m,no,no,1,2,2,2,2,1,2,2,1
1,0,0,0,0,0,1,1,0,1,38,m,no,no,0,1,1,1,1,1,0,1,0
1,0,0,0,0,0,1,1,0,1,28,f,no,no,0,1,1,1,1,1,0,1,0
1,1,0,1,1,1,0,1,1,1,53,f,no,no,1,1,1,1,1,2,1,2,2
1,1,1,0,1,0,1,0,0,0,26,m,no,no,0,1,1,2,1,2,1,1,1
1,1,1,1,1,1,0,1,1,1,37,m,no,no,1,1,1,1,1,2,2,2,2
1,1,0,1,0,0,0,1,0,1,42,m,yes,no,0,0,0,0,0,2,0,2,2
1,0,0,0,0,0,0,1,0,1,43,m,no,no,0,0,0,0,0,1,0,1,0
1,0,0,0,0,0,0,1,0,0,32,f,no,no,0,0,0,0,0,1,0,1,0
0,1,0,1,0,0,0,1,0,0,31,m,no,no,0,0,0,0,0,1,0,1,2
1,0,1,1,1,1,1,1,1,1,53,f,no,no,1,2,2,2,2,1,2,2,1
1,1,1,1,1,1,1,1,1,1,28,m,no,no,1,2,2,2,2,2,2,2,2
1,0,1,1,1,1,1,1,1,1,38,m,no,no,1,2,2,2,2,1,2,2,1
1,1,1,0,1,1,0,1,1,0,31,m,no,no,1,1,1,1,1,2,2,1,1
1,1,1,1,0,0,0,0,0,0,31,f,no,no,0,0,0,0,0,2,1,1,2
1,1,1,1,1,0,1,1,1,1,21,f,no,no,1,2,2,2,2,2,1,2,2
1,1,0,1,1,0,0,0,1,1,25,f,no,no,0,1,1,1,1,2,0,2,2
1,1,0,1,1,0,0,1,1,1,25,f,no,no,1,1,1,1,1,2,0,2,2
1,1,1,1,1,1,1,0,1,1,60,f,no,no,1,2,2,2,2,2,2,2,2
1,0,1,1,0,0,0,0,0,0,39,m,no,no,0,0,0,0,0,1,1,2,1
1,1,1,1,1,1,1,1,1,1,53,m,no,no,1,2,2,2,2,2,2,2,2
1,1,1,1,1,1,1,1,1,1,20,m,no,no,1,2,2,2,2,2,2,2,2
1,1,1,0,1,0,0,1,1,1,25,f,no,no,1,1,1,1,1,2,1,1,1
1,1,1,1,0,0,1,1,0,0,50,m,no,no,0,1,1,1,1,2,1,2,2
1,0,0,1,1,1,1,1,1,1,28,f,no,no,1,2,2,2,2,1,1,2,1
1,0,1,1,1,1,1,1,1,1,37,f,no,no,1,2,2,2,2,1,2,2,1
0,0,0,1,0,1,0,1,1,1,30,m,no,no,0,1,1,0,1,0,1,1,1
1,1,0,0,0,1,1,1,0,1,32,f,no,no,0,1,1,1,1,2,1,1,1
1,0,1,1,0,0,0,0,0,1,34,f,no,no,0,0,0,0,0,1,1,2,1
1,1,1,1,0,0,0,0,0,1,42,m,no,no,0,0,0,0,0,2,1,2,2
1,1,0,0,1,1,1,1,1,1,22,f,no,no,1,2,2,2,2,2,1,1,1
1,0,0,0,0,0,1,1,0,1,37,f,yes,no,0,1,1,1,1,1,0,1,0
1,1,0,0,0,0,0,1,0,1,39,m,no,no,0,0,0,0,0,2,0,1,1
1,1,0,1,1,0,1,1,0,1,18,m,no,no,1,1,1,2,1,2,0,2,2
1,0,0,1,0,0,0,0,0,0,54,f,no,no,0,0,0,0,0,1,0,1,1
1,1,0,0,0,0,0,1,0,0,42,m,no,no,0,0,0,0,0,2,0,1,1
0,0,1,0,0,0,0,0,0,0,27,f,no,no,0,0,0,0,0,0,1,0,0
1,1,1,1,1,0,0,1,0,0,22,m,no,no,0,1,0,1,0,2,1,2,2
1,0,1,1,0,1,1,1,1,1,22,m,no,no,1,1,2,1,2,1,2,2,1
1,1,1,1,1,1,1,0,1,1,21,f,no,no,1,2,2,2,2,2,2,2,2
0,1,0,1,0,0,0,1,0,1,28,f,no,no,0,0,0,0,0,1,0,1,2
1,1,1,1,1,1,1,0,1,1,17,m,yes,no,1,2,2,2,2,2,2,2,2
0,1,0,0,0,0,0,0,0,0,28,m,no,no,0,0,0,0,0,1,0,0,1
0,0,0,1,1,0,1,1,0,1,21,m,no,no,0,1,1,2,1,0,0,1,1
1,1,1,1,1,1,1,1,1,1,31,f,no,no,1,2,2,2,2,2,2,2,2
1,0,0,0,0,0,1,1,0,0,20,m,no,no,0,1,1,1,1,1,0,1,0
1,0,0,1,0,0,0,0,0,0,21,m,no,no,0,0,0,0,0,1,0,2,1
1,1,0,0,1,0,0,0,0,0,22,m,no,no,0,1,0,1,0,2,0,1,1
0,1,0,0,0,0,0,1,1,1,21,m,no,no,0,1,1,0,1,1,0,1,1
0,1,1,0,0,0,0,0,0,0,24,m,no,no,0,0,0,0,0,1,1,0,1
1,0,0,0,0,0,0,1,0,0,24,m,no,no,0,0,0,0,0,1,0,1,0
1,0,0,0,1,1,1,1,0,1,25,m,no,no,0,1,1,2,1,1,1,1,0
1,0,0,0,0,0,0,0,0,1,17,m,no,no,0,0,0,0,0,1,0,1,0
0,1,0,0,0,0,0,1,1,0,21,m,no,no,0,1,1,0,1,1,0,0,1
1,0,0,0,0,0,0,1,0,0,23,m,no,no,0,0,0,0,0,1,0,1,0
1,0,0,1,1,0,1,1,0,0,21,m,no,no,0,1,1,2,1,1,0,2,1
1,0,0,0,1,0,1,1,1,1,22,m,no,no,0,2,2,2,2,1,0,1,0
1,0,0,0,1,0,0,1,0,1,24,f,no,no,0,1,0,1,0,1,0,1,0
0,0,1,0,1,1,0,0,1,1,34,m,no,no,0,1,1,1,1,0,2,1,0
1,0,1,0,1,0,1,1,0,1,30,m,no,no,0,1,1,2,1,1,1,1,0
1,0,0,0,0,0,1,1,0,1,29,f,no,no,0,1,1,1,1,1,0,1,0
1,0,0,1,1,0,1,1,0,0,20,m,no,no,0,1,1,2,1,1,0,2,1
0,0,1,1,0,1,0,1,1,1,23,m,no,no,0,1,1,0,1,0,2,1,1
0,0,0,0,0,0,0,1,0,1,26,m,no,no,0,0,0,0,0,0,0,1,0
1,0,0,1,1,1,1,1,1,1,20,m,no,no,1,2,2,2,2,1,1,2,1
1,0,0,0,0,0,1,1,0,0,41,m,no,no,0,1,1,1,1,1,0,1,0
1,0,0,1,0,0,1,1,0,0,24,m,no,no,0,1,1,1,1,1,0,2,1
0,0,0,1,0,0,0,1,0,0,35,m,no,no,0,0,0,0,0,0,0,1,1
0,0,0,1,0,0,1,0,0,0,23,m,no,no,0,1,1,1,1,0,0,1,1
1,0,1,0,0,0,1,0,0,0,36,m,no,no,0,1,1,1,1,1,1,1,0
1,1,0,0,1,0,0,1,0,0,33,m,no,no,0,1,0,1,0,2,0,1,1
1,0,0,0,0,1,0,1,1,1,24,m,no,no,0,1,1,0,1,1,1,1,0
0,1,1,0,1,0,0,1,0,0,25,m,no,no,0,1,0,1,0,1,1,0,1
1,0,0,0,1,1,0,1,0,1,25,m,no,no,0,1,0,1,0,1,1,1,0
1,0,0,0,0,0,1,1,1,1,25,m,no,no,0,1,2,1,2,1,0,1,0
0,0,0,0,0,0,1,1,0,1,24,m,no,no,0,1,1,1,1,0,0,1,0
1,0,1,0,1,0,0,1,0,1,27,f,no,no,0,1,0,1,0,1,1,1,0
1,0,0,0,0,0,1,1,0,0,26,m,no,no,0,1,1,1,1,1,0,1,0
0,0,0,0,0,0,0,0,0,0,26,m,no,no,0,0,0,0,0,0,0,0,0
1,0,0,0,1,0,0,1,1,0,23,f,no,no,0,1,1,1,1,1,0,1,0
1,1,1,0,1,0,1,1,0,1,30,m,no,no,1,1,1,2,1,2,1,1,1
1,0,0,1,0,0,0,0,1,0,25,m,no,no,0,1,1,0,1,1,0,2,1
1,0,0,0,0,0,0,1,0,1,23,m,no,no,0,0,0,0,0,1,0,1,0
1,0,1,1,1,0,0,1,0,0,34,f,no,no,0,1,0,1,0,1,1,1,1
1,0,0,1,1,0,1,1,0,1,20,f,no,no,0,1,1,2,1,1,0,2,1
1,0,1,1,1,1,0,0,1,1,22,f,no,no,1,1,1,1,1,1,2,2,1
1,1,1,1,0,0,0,1,1,1,33,f,no,no,1,1,1,0,1,2,1,2,2
1,1,1,1,1,1,1,1,1,1,46,m,no,no,1,2,2,2,2,2,2,2,2
1,1,0,0,0,0,0,0,0,0,17,m,no,no,0,0,0,0,0,2,0,1,1
1,1,1,0,0,0,0,1,0,0,45,f,no,no,0,0,0,0,0,2,1,1,1
0,1,1,1,0,0,0,0,1,0,26,m,no,no,0,1,1,0,1,1,1,1,2
1,0,0,0,1,0,0,0,1,0,30,m,no,no,0,1,1,1,1,1,0,1,0
1,1,0,0,0,0,0,0,0,0,32,f,no,no,0,0,0,0,0,2,0,1,1
1,0,1,1,1,1,1,1,1,1,38,f,no,no,1,2,2,2,2,1,2,2,1
0,1,1,0,1,0,0,0,0,0,26,m,yes,no,0,1,0,1,0,1,1,0,1
1,0,0,0,0,0,0,0,0,0,29,f,no,no,0,0,0,0,0,1,0,1,0
1,1,1,1,1,0,0,1,1,1,33,m,no,no,1,1,1,1,1,2,1,2,2
0,1,1,0,1,1,1,0,1,1,32,f,no,no,1,2,2,2,2,1,2,0,1
1,1,1,1,1,1,1,1,1,1,44,f,no,no,1,2,2,2,2,2,2,2,2
0,1,0,0,0,0,1,0,0,1,47,f,yes,no,0,1,1,1,1,1,0,0,1
0,0,0,1,1,1,1,0,1,1,32,f,no,no,0,2,2,2,2,0,1,1,1
0,0,0,0,0,0,0,0,0,0,40,m,no,no,0,0,0,0,0,0,0,0,0
1,0,0,1,1,0,0,1,0,1,40,m,no,no,0,1,0,1,0,1,0,2,1
0,0,0,0,0,0,0,0,0,0,44,f,no,no,0,0,0,0,0,0,0,0,0
1,1,1,0,1,1,1,0,1,1,56,m,yes,no,1,2,2,2,2,2,2,1,1
1,1,1,0,1,1,1,0,1,1,23,f,no,no,1,2,2,2,2,2,2,1,1
1,1,0,1,1,0,0,1,1,1,32,f,no,no,1,1,1,1,1,2,0,2,2
0,1,1,1,0,0,0,1,0,1,27,m,no,no,0,0,0,0,0,1,1,1,2
1,0,0,0,1,0,1,0,0,1,28,f,no,no,0,1,1,2,1,1,0,1,0
0,0,0,0,0,0,0,0,0,0,40,f,no,no,0,0,0,0,0,0,0,0,0
1,0,1,1,1,1,0,0,1,1,45,f,no,no,1,1,1,1,1,1,2,2,1
1,1,1,1,1,1,0,0,1,1,19,f,yes,no,1,1,1,1,1,2,2,2,2
1,1,1,1,0,1,0,1,1,1,55,m,no,no,1,1,1,0,1,2,2,2,2
1,0,0,1,0,0,1,1,0,1,27,f,yes,no,0,1,1,1,1,1,0,2,1
1,1,1,1,1,1,1,0,1,1,19,f,yes,no,1,2,2,2,2,2,2,2,2
1,0,0,1,0,0,0,1,0,0,29,m,no,no,0,0,0,0,0,1,0,2,1
1,1,1,1,1,1,1,1,1,1,33,f,yes,no,1,2,2,2,2,2,2,2,2
0,0,1,1,1,1,1,1,0,0,48,f,no,no,0,1,1,2,1,0,2,1,1
0,0,0,0,0,0,0,1,1,0,37,f,no,no,0,1,1,0,1,0,0,0,0
1,1,1,1,1,0,0,0,1,0,30,m,no,no,0,1,1,1,1,2,1,2,2
1,1,0,1,0,0,0,0,0,1,37,f,no,no,0,0,0,0,0,2,0,2,2
1,0,0,1,1,0,1,1,1,1,28,f,no,no,1,2,2,2,2,1,0,2,1
1,0,0,1,1,1,1,1,1,1,20,f,no,no,1,2,2,2,2,1,1,2,1
1,1,1,1,1,1,0,0,1,1,25,f,no,no,1,1,1,1,1,2,2,2,2
1,1,1,1,1,1,0,1,0,0,58,f,no,no,1,1,0,1,0,2,2,1,2
1,0,1,0,0,0,0,0,0,0,36,f,no,no,0,0,0,0,0,1,1,1,0
0,0,1,1,1,0,0,1,0,0,36,m,yes,no,0,1,0,1,0,0,1,1,1
1,0,1,0,1,1,1,1,1,0,19,m,no,no,1,2,2,2,2,1,2,1,0
1,0,1,1,1,1,0,1,1,0,19,m,no,no,1,1,1,1,1,1,2,2,1
1,0,0,1,1,0,0,1,0,1,22,f,no,no,0,1,0,1,0,1,0,2,1
1,1,0,0,0,0,0,1,0,0,20,m,no,no,0,0,0,0,0,2,0,1,1
0,1,0,0,0,0,1,1,0,1,24,f,no,no,0,1,1,1,1,1,0,0,1
0,0,0,1,1,0,0,1,1,0,19,m,no,no,0,1,1,1,1,0,0,1,1
1,1,1,0,1,0,0,1,0,1,21,m,no,no,0,1,0,1,0,2,1,1,1
0,0,0,0,0,0,0,0,0,0,20,m,no,no,0,0,0,0,0,0,0,0,0
1,1,0,0,0,0,0,0,0,0,18,f,no,no,0,0,0,0,0,2,0,1,1
0,1,1,0,0,0,0,1,0,1,23,f,no,no,0,0,0,0,0,1,1,0,1
1,1,1,0,1,1,1,1,0,1,22,m,no,no,1,1,1,2,1,2,2,1,1
1,1,0,1,1,0,0,0,0,0,18,f,no,no,0,1,0,1,0,2,0,1,2
1,0,0,0,0,0,0,0,0,1,37,f,no,no,0,0,0,0,0,1,0,1,0
1,1,1,0,1,0,0,1,0,0,18,m,no,no,0,1,0,1,0,2,1,1,1
0,0,0,0,1,0,0,1,0,0,18,m,no,no,0,1,0,1,0,0,0,0,0
1,1,1,0,0,0,0,1,0,0,18,m,no,no,0,0,0,0,0,2,1,1,1
0,1,0,0,0,0,1,1,0,0,18,m,no,no,0,1,1,1,1,1,0,0,1
1,1,1,1,1,1,1,1,1,1,19,m,no,no,1,2,2,2,2,2,2,2,2
1,0,0,1,1,1,1,0,1,1,55,m,no,no,1,2,2,2,2,1,1,2,1
1,0,0,0,0,1,1,0,1,1,32,f,no,no,0,1,2,1,2,1,1,1,0
1,1,0,1,0,0,1,1,0,0,50,m,yes,no,0,1,1,1,1,2,0,2,2
1,1,1,1,0,0,1,1,0,0,40,m,no,no,0,1,1,1,1,2,1,2,2
1,0,0,1,1,1,0,0,0,0,47,m,no,no,0,1,0,1,0,1,1,2,1
1,1,0,0,0,0,0,0,0,1,20,m,no,no,0,0,0,0,0,2,0,1,1
1,0,1,0,0,0,1,1,0,0,22,f,no,no,0,1,1,1,1,1,1,1,0
1,0,0,0,0,0,1,0,0,0,21,f,no,no,0,1,1,1,1,1,0,1,0
1,0,1,1,0,0,1,1,1,0,21,f,no,no,0,1,2,1,2,1,1,1,1
1,1,1,1,1,0,0,1,0,0,19,m,no,no,0,1,0,1,0,2,1,2,2
1,0,1,1,0,0,0,0,0,0,21,f,no,no,0,0,0,0,0,1,1,1,1
1,0,0,1,0,0,0,0,0,0,21,m,no,no,0,0,0,0,0,1,0,2,1
0,1,0,1,0,1,0,1,0,1,23,f,no,no,0,0,0,0,0,1,1,1,2
1,0,0,0,0,0,0,0,0,0,21,m,no,no,0,0,0,0,0,1,0,1,0
1,0,0,0,1,0,1,1,1,0,21,m,no,no,0,2,2,2,2,1,0,1,0
0,0,0,0,0,0,0,1,0,0,23,m,no,no,0,0,0,0,0,0,0,0,0
1,0,1,1,0,1,1,1,1,1,20,f,no,no,1,1,2,1,2,1,2,2,1
1,1,1,0,0,0,0,1,0,1,21,f,no,no,0,0,0,0,0,2,1,1,1
1,1,1,0,1,0,1,1,1,1,20,m,no,no,1,2,2,2,2,2,1,1,1
1,1,0,0,0,0,1,1,0,0,19,m,no,no,0,1,1,1,1,2,0,1,1
0,1,0,0,0,0,0,1,0,0,21,m,no,no,0,0,0,0,0,1,0,0,1
1,0,1,0,0,0,1,0,0,0,26,m,no,no,0,1,1,1,1,1,1,1,0
0,0,0,1,0,0,0,1,0,0,21,m,no,no,0,0,0,0,0,0,0,1,1
0,0,0,0,1,0,0,1,0,0,19,m,no,no,0,1,0,1,0,0,0,0,0
1,0,0,1,0,0,0,1,0,1,22,m,no,no,0,0,0,0,0,1,0,2,1
1,0,0,0,0,0,0,1,0,0,19,f,no,no,0,0,0,0,0,1,0,1,0
1,0,0,1,0,0,1,0,0,1,22,m,no,no,0,1,1,1,1,1,0,2,1
0,0,1,0,0,0,0,0,0,1,20,m,no,no,0,0,0,0,0,0,1,1,0
1,0,1,0,1,0,0,1,0,0,23,m,no,no,0,1,0,1,0,1,1,1,0
0,0,0,0,0,1,0,1,0,0,19,f,no,no,0,0,0,0,0,0,1,0,0
0,0,0,0,1,0,0,1,0,1,20,m,no,no,0,1,0,1,0,0,0,1,0
0,1,0,1,0,0,0,0,0,0,24,m,no,no,0,0,0,0,0,1,0,1,2
0,1,1,0,0,0,0,1,0,1,19,m,no,no,0,0,0,0,0,1,1,1,1
1,0,0,0,0,1,0,1,0,1,20,m,no,no,0,0,0,0,0,1,1,1,0
1,0,1,0,1,0,0,1,0,1,23,m,no,no,0,1,0,1,0,1,1,1,0
0,0,1,1,0,0,1,0,0,1,20,m,no,no,0,1,1,1,1,0,1,1,1
1,0,1,0,1,0,0,1,0,1,20,m,no,no,0,1,0,1,0,1,1,1,0
0,0,0,0,0,0,0,1,1,0,20,m,yes,no,0,1,1,0,1,0,0,0,0
1,0,1,0,0,0,0,0,0,1,20,f,no,no,0,0,0,0,0,1,1,1,0
1,0,0,1,1,0,0,1,0,1,21,f,no,no,0,1,0,1,0,1,0,2,1
0,1,0,0,0,0,0,0,0,1,19,m,no,no,0,0,0,0,0,1,0,1,1
1,0,0,0,0,0,0,1,0,1,20,f,no,no,0,0,0,0,0,1,0,1,0
1,0,0,1,1,0,1,0,0,1,20,m,no,no,0,1,1,2,1,1,0,2,1
1,0,0,0,0,1,0,0,1,0,25,m,yes,no,0,1,1,0,1,1,1,1,0
1,0,0,0,0,0,0,1,0,0,20,f,no,no,0,0,0,0,0,1,0,1,0
1,0,0,0,0,1,1,1,0,1,22,m,no,no,0,1,1,1,1,1,1,1,0
1,0,0,0,0,0,0,1,0,0,20,f,no,no,0,0,0,0,0,1,0,1,0
0,1,0,0,1,1,0,0,0,0,20,m,no,no,0,1,0,1,0,1,1,0,1
0,0,0,1,0,0,1,0,0,0,20,f,no,no,0,1,1,1,1,0,0,1,1
1,0,0,0,0,0,0,1,0,0,23,f,no,no,0,0,0,0,0,1,0,1,0
1,1,1,1,1,0,1,0,1,1,21,f,no,no,1,2,2,2,2,2,1,2,2
1,0,0,0,0,0,1,1,0,1,22,m,no,no,0,1,1,1,1,1,0,1,0
1,1,0,0,0,0,0,1,0,0,21,f,no,no,0,0,0,0,0,2,0,1,1
1,0,1,0,0,0,0,0,0,1,20,f,no,no,0,0,0,0,0,1,1,1,0
1,0,0,1,0,0,0,0,0,0,22,f,no,no,0,0,0,0,0,1,0,1,1
1,0,1,1,1,0,1,1,0,0,21,f,yes,no,0,1,1,2,1,1,1,1,1
1,1,0,0,1,0,0,1,0,0,20,f,no,no,0,1,0,1,0,2,0,1,1
0,1,0,0,0,0,0,1,0,0,20,f,no,no,0,0,0,0,0,1,0,0,1
1,0,0,0,1,0,0,1,0,0,21,m,no,no,0,1,0,1,0,1,0,1,0
1,0,1,1,1,0,0,0,1,1,21,m,no,no,0,1,1,1,1,1,1,2,1
0,1,0,0,0,1,0,1,0,1,23,f,no,no,0,0,0,0,0,1,1,0,1
1,1,0,0,0,0,0,1,0,0,21,f,no,no,0,0,0,0,0,2,0,1,1
1,0,0,0,1,1,0,1,0,1,22,f,no,no,0,1,0,1,0,1,1,1,0
0,1,1,1,0,1,0,1,0,0,19,f,no,no,0,0,0,0,0,1,2,1,2
1,1,1,0,1,0,0,0,0,0,20,f,no,no,0,1,0,1,0,2,1,1,1
0,1,0,0,0,0,0,1,0,1,21,f,no,no,0,0,0,0,0,1,0,0,1
0,1,1,0,0,0,0,1,0,0,26,m,no,no,0,0,0,0,0,1,1,0,1
1,0,0,0,0,0,0,0,0,0,19,f,no,no,0,0,0,0,0,1,0,1,0
1,0,0,1,0,0,1,1,0,1,20,f,no,no,0,1,1,1,1,1,0,2,1
1,0,0,0,0,0,0,1,0,1,26,f,no,no,0,0,0,0,0,1,0,1,0
1,0,0,1,0,0,1,0,0,1,23,f,no,no,0,1,1,1,1,1,0,2,1
1,0,0,1,0,0,1,0,0,1,28,f,no,no,0,1,1,1,1,1,0,2,1
0,1,0,1,1,0,0,0,0,0,19,f,no,no,0,1,0,1,0,1,0,1,2
1,0,0,0,0,0,1,1,0,0,20,f,no,no,0,1,1,1,1,1,0,1,0
0,1,0,0,1,0,1,1,0,1,19,f,no,no,0,1,1,2,1,1,0,0,1
1,0,1,1,1,1,1,1,1,0,24,m,no,no,1,2,2,2,2,1,2,2,1
1,0,0,1,1,0,0,1,0,1,19,f,no,no,0,1,0,1,0,1,0,2,1
1,1,0,0,0,0,0,0,0,0,22,f,no,no,0,0,0,0,0,2,0,1,1
1,1,0,1,0,0,0,0,0,1,20,f,no,no,0,0,0,0,0,2,0,2,2
0,1,0,1,0,0,0,1,0,0,21,m,no,no,0,0,0,0,0,1,0,1,2
0,0,1,1,1,0,0,1,0,0,24,f,no,no,0,1,0,1,0,0,1,1,1
0,0,1,1,1,0,0,0,0,1,18,f,no,no,0,1,0,1,0,0,1,1,1
1,0,1,1,1,0,1,1,0,1,19,f,no,no,1,1,1,2,1,1,1,2,1
1,0,1,0,0,0,0,0,0,0,19,f,no,no,0,0,0,0,0,1,1,1,0
1,0,0,0,0,0,1,1,0,1,31,m,yes,no,0,1,1,1,1,1,0,1,0
1,1,0,1,0,0,1,1,0,0,19,m,no,no,0,1,1,1,1,2,0,2,2
1,0,0,0,0,0,1,0,1,1,21,f,no,no,0,1,2,1,2,1,0,1,0
1,0,0,0,1,0,1,0,0,1,20,m,no,no,0,1,1,2,1,1,0,1,0
1,0,1,0,1,0,1,1,0,1,26,f,no,no,0,1,1,2,1,1,1,1,0
0,0,0,0,0,0,1,0,0,0,27,m,no,no,0,1,1,1,1,0,0,0,0
1,0,1,0,0,1,0,1,0,0,23,f,no,no,0,0,0,0,0,1,2,1,0
0,1,0,1,0,0,0,0,0,0,29,f,no,no,0,0,0,0,0,1,0,1,2
1,1,1,1,0,0,1,0,0,0,23,m,no,no,0,1,1,1,1,2,1,2,2
1,0,0,0,0,0,1,1,0,1,23,m,no,no,0,1,1,1,1,1,0,1,0
1,0,1,1,1,1,0,1,1,1,24,m,no,no,1,1,1,1,1,1,2,2,1
1,0,0,1,0,0,1,1,0,0,21,m,no,no,0,1,1,1,1,1,0,2,1
0,0,0,0,1,0,1,0,0,0,20,f,no,no,0,1,1,2,1,0,0,0,0
1,0,1,0,1,0,1,1,1,0,20,m,no,no,0,2,2,2,2,1,1,1,0
1,1,1,1,1,1,1,0,1,1,32,f,no,no,1,2,2,2,2,2,2,2,2
1,1,1,1,1,1,1,1,1,1,61,m,yes,no,1,2,2,2,2,2,2,2,2
1,0,0,1,1,0,0,0,0,0,19,m,no,no,0,1,0,1,0,1,0,2,1
1,1,1,1,1,1,0,1,1,0,35,f,no,no,1,1,1,1,1,2,2,1,2
1,0,0,0,0,1,0,0,0,1,34,f,no,no,0,0,0,0,0,1,1,1,0
0,0,1,1,0,0,0,0,0,0,23,f,no,no,0,0,0,0,0,0,1,1,1
1,1,1,1,0,0,0,0,0,1,19,f,no,no,0,0,0,0,0,2,1,2,2
1,1,0,0,1,1,0,1,0,1,36,f,no,no,0,1,0,1,0,2,1,1,1
1,1,0,0,0,0,0,1,0,1,21,f,no,no,0,0,0,0,0,2,0,1,1
0,1,0,0,0,0,0,1,0,0,23,m,no,no,0,0,0,0,0,1,0,0,1
1,0,1,1,1,0,1,0,0,1,17,m,no,no,0,1,1,2,1,1,1,2,1
1,0,1,0,0,0,0,0,0,0,22,m,no,no,0,0,0,0,0,1,1,1,0
0,1,1,1,1,0,1,0,0,1,33,m,no,no,0,1,1,2,1,1,1,1,2
1,1,1,1,1,0,0,1,0,1,23,f,no,no,1,1,0,1,0,2,1,2,2
0,1,1,1,1,1,0,1,0,1,35,f,no,no,1,1,0,1,0,1,2,1,2
1,0,0,0,0,0,0,1,0,1,21,m,no,no,0,0,0,0,0,1,0,1,0
1,0,0,1,1,0,1,1,1,1,20,f,no,no,1,2,2,2,2,1,0,2,1
1,0,0,0,0,0,0,1,0,0,29,m,no,no,0,0,0,0,0,1,0,1,0
1,1,1,1,1,1,1,0,1,1,59,m,no,no,1,2,2,2,2,2,2,2,2
1,1,1,0,0,0,0,1,0,1,18,f,no,no,0,0,0,0,0,2,1,1,1
1,1,0,0,0,0,0,1,0,0,19,f,no,no,0,0,0,0,0,2,0,1,1
0,0,1,1,0,0,0,1,0,0,24,m,no,no,0,0,0,0,0,0,1,1,1
1,1,1,1,1,0,0,1,1,0,36,f,no,no,1,1,1,1,1,2,1,1,2
0,0,1,1,1,0,0,0,0,1,19,f,yes,no,0,1,0,1,0,0,1,1,1
1,1,0,0,0,0,1,0,0,0,17,f,no,no,0,1,1,1,1,2,0,1,1
1,0,0,0,0,0,0,1,0,1,52,m,yes,no,0,0,0,0,0,1,0,1,0
1,1,0,1,1,0,0,0,0,0,18,m,no,no,0,1,0,1,0,2,0,2,2
0,0,0,0,0,0,1,0,0,0,30,m,no,no,0,1,1,1,1,0,0,0,0
0,1,1,1,1,1,0,1,1,1,18,m,yes,no,1,1,1,1,1,1,2,1,2
1,1,1,1,1,0,0,1,0,0,27,m,no,no,0,1,0,1,0,2,1,2,2
0,0,0,1,0,0,0,0,0,0,52,f,no,no,0,0,0,0,0,0,0,1,1
0,0,0,0,0,0,0,1,0,0,45,f,no,no,0,0,0,0,0,0,0,0,0
0,1,1,1,1,1,0,0,1,0,25,f,no,no,0,1,1,1,1,1,2,1,2
0,0,0,1,0,0,1,0,0,1,29,f,no,no,0,1,1,1,1,0,0,1,1
1,1,0,1,1,1,1,1,0,1,29,f,yes,no,1,1,1,2,1,2,1,2,2
1,0,0,0,0,1,0,0,0,1,18,m,no,no,0,0,0,0,0,1,1,1,0
0,0,1,1,0,1,1,1,1,1,18,m,no,no,1,1,2,1,2,0,2,1,1
1,0,1,1,0,1,0,0,0,1,17,m,no,no,0,0,0,0,0,1,2,2,1
1,1,1,1,1,1,1,1,1,1,27,f,no,no,1,2,2,2,2,2,2,2,2
0,0,0,0,0,0,0,1,0,0,22,f,yes,no,0,0,0,0,0,0,0,0,0
0,0,0,0,0,1,0,1,1,0,23,m,no,no,0,1,1,0,1,0,1,0,0
1,1,1,1,1,0,1,1,0,0,25,m,no,no,1,1,1,2,1,2,1,2,2
1,0,1,1,1,0,0,0,0,0,23,f,no,no,0,1,0,1,0,1,1,1,1
1,0,0,0,0,0,0,1,0,1,29,m,no,no,0,0,0,0,0,1,0,1,0
1,0,0,1,1,0,1,0,0,0,27,f,no,no,0,1,1,2,1,1,0,1,1
1,0,0,0,0,1,0,1,0,0,27,f,no,no,0,0,0,0,0,1,1,1,0
0,0,0,0,0,0,0,0,0,0,43,f,no,no,0,0,0,0,0,0,0,0,0
1,0,0,0,0,0,0,1,0,0,26,f,no,no,0,0,0,0,0,1,0,1,0
1,0,0,0,1,0,0,1,0,1,30,f,no,no,0,1,0,1,0,1,0,1,0
0,0,0,0,0,0,0,1,0,0,23,m,no,no,0,0,0,0,0,0,0,0,0
1,0,0,0,1,0,1,1,0,0,29,f,no,no,0,1,1,2,1,1,0,1,0
0,0,0,0,0,0,0,1,0,1,37,m,no,no,0,0,0,0,0,0,0,1,0
0,0,0,0,0,0,1,0,0,1,28,f,no,no,0,1,1,1,1,0,0,0,0
1,1,1,1,0,0,1,1,0,0,25,m,no,no,0,1,1,1,1,2,1,2,2
1,0,1,1,0,0,1,1,0,0,25,m,no,no,0,1,1,1,1,1,1,2,1
0,1,0,0,0,0,0,1,1,0,21,m,no,no,0,1,1,0,1,1,0,0,1
1,1,1,1,1,1,1,0,1,1,43,m,no,no,1,2,2,2,2,2,2,2,2
1,1,0,1,1,1,0,0,1,1,30,f,no,no,1,1,1,1,1,2,1,2,2
0,1,1,0,0,0,1,0,0,1,18,m,no,no,0,1,1,1,1,1,1,1,1
1,1,1,1,0,0,0,1,0,0,18,f,no,no,0,0,0,0,0,2,1,1,2
1,1,1,1,0,0,1,1,1,0,30,m,no,no,1,1,2,1,2,2,1,2,2
0,0,0,0,0,0,0,0,0,0,31,f,no,no,0,0,0,0,0,0,0,0,0
1,0,0,0,1,0,1,1,0,1,33,m,no,no,0,1,1,2,1,1,0,1,0
1,1,1,1,1,1,1,1,1,1,33,m,no,no,1,2,2,2,2,2,2,2,2
1,1,1,1,0,0,1,0,0,1,26,m,no,no,0,1,1,1,1,2,1,2,2
1,0,1,1,0,0,0,0,0,0,61,f,no,no,0,0,0,0,0,1,1,1,1
0,0,0,1,0,0,0,1,0,1,46,m,no,no,0,0,0,0,0,0,0,1,1
0,1,1,1,1,1,1,0,1,1,33,m,no,no,1,2,2,2,2,1,2,1,2
1,1,1,1,1,0,1,1,0,1,38,f,no,no,1,1,1,2,1,2,1,2,2
1,1,0,0,0,0,0,1,0,0,44,m,no,no,0,0,0,0,0,2,0,1,1
0,1,1,1,1,0,0,0,1,0,48,f,no,no,0,1,1,1,1,1,1,1,2
1,1,0,1,1,1,0,1,1,1,42,f,yes,no,1,1,1,1,1,2,1,2,2
0,1,0,0,1,0,1,1,0,0,37,m,no,no,0,1,1,2,1,1,0,0,1
1,0,1,1,1,0,0,1,0,1,23,f,no,no,0,1,0,1,0,1,1,2,1
1,0,1,1,1,0,1,1,1,1,24,m,no,no,1,2,2,2,2,1,1,2,1
1,0,1,0,1,0,1,1,0,1,41,m,yes,no,0,1,1,2,1,1,1,1,0
1,0,1,0,0,0,1,0,0,1,41,m,no,no,0,1,1,1,1,1,1,1,0
0,1,1,0,1,0,0,1,0,0,27,m,no,no,0,1,0,1,0,1,1,0,1
1,1,1,1,1,1,1,1,1,1,46,f,yes,no,1,2,2,2,2,2,2,2,2
0,1,0,0,0,0,0,0,0,1,40,f,yes,no,0,0,0,0,0,1,0,0,1
0,1,1,1,1,1,1,1,0,1,22,f,no,no,1,1,1,2,1,1,2,1,2
1,1,1,1,1,1,1,0,1,1,42,m,no,no,1,2,2,2,2,2,2,2,2
1,1,1,0,0,0,0,0,0,1,18,f,no,no,0,0,0,0,0,2,1,1,1
1,0,1,1,0,0,0,0,0,0,44,f,no,no,0,0,0,0,0,1,1,1,1
1,1,1,1,1,0,1,1,1,1,30,f,no,no,1,2,2,2,2,2,1,2,2
1,1,1,1,1,1,0,1,1,1,42,m,no,no,1,1,1,1,1,2,2,2,2
1,1,0,1,0,0,1,0,0,0,35,f,no,no,0,1,1,1,1,2,0,1,2
1,0,1,1,1,0,1,0,1,1,40,m,no,no,1,2,2,2,2,1,1,2,1
0,1,0,0,0,0,0,0,1,1,50,f,no,no,0,1,1,0,1,1,0,0,1
0,0,1,1,0,0,0,0,0,1,38,m,no,no,0,0,0,0,0,0,1,1,1
1,1,1,1,1,0,0,1,1,1,26,f,no,no,1,1,1,1,1,2,1,2,2
1,1,1,1,1,0,0,1,0,1,27,f,no,no,1,1,0,1,0,2,1,2,2
1,1,1,1,1,0,1,0,1,0,47,f,yes,no,1,2,2,2,2,2,1,1,2
1,1,0,1,1,1,0,0,0,1,21,m,yes,no,0,1,0,1,0,2,1,2,2
1,1,1,1,0,1,0,1,1,1,37,m,no,no,1,1,1,0,1,2,2,2,2
1,0,0,0,0,0,1,1,0,1,19,f,no,no,0,1,1,1,1,1,0,1,0
0,0,0,1,0,0,1,1,0,1,32,m,no,no,0,1,1,1,1,0,0,1,1
0,0,0,0,1,0,0,1,0,1,26,f,no,no,0,1,0,1,0,0,0,0,0
1,1,1,1,1,1,1,1,1,1,46,f,yes,no,1,2,2,2,2,2,2,2,2
0,1,0,0,0,0,0,1,0,0,29,m,no,no,0,0,0,0,0,1,0,0,1
1,0,0,0,1,0,0,0,0,0,30,f,no,no,0,1,0,1,0,1,0,1,0
1,1,0,0,0,0,1,1,0,0,32,f,no,no,0,1,1,1,1,2,0,1,1
0,1,1,1,0,0,0,0,0,1,35,f,yes,no,0,0,0,0,0,1,1,1,2
0,1,1,1,1,1,1,1,1,1,22,m,no,no,1,2,2,2,2,1,2,1,2
0,0,0,1,1,0,1,0,0,1,19,f,no,no,0,1,1,2,1,0,0,1,1
0,1,0,0,1,0,0,0,0,1,24,m,no,no,0,1,0,1,0,1,0,1,1
0,1,0,0,1,0,0,0,0,0,52,f,no,no,0,1,0,1,0,1,0,0,1
0,1,0,0,1,1,0,0,1,1,52,m,no,no,0,1,1,1,1,1,1,1,1
1,0,1,0,0,1,0,1,0,0,32,f,no,no,0,0,0,0,0,1,2,1,0
0,1,1,1,1,1,0,0,0,1,24,m,no,no,0,1,0,1,0,1,2,1,2
1,1,1,1,1,1,0,1,1,1,24,m,no,no,1,1,1,1,1,2,2,2,2
0,1,0,0,0,0,0,0,0,0,49,f,yes,no,0,0,0,0,0,1,0,0,1
0,1,1,1,1,1,1,1,1,1,30,f,no,no,1,2,2,2,2,1,2,1,2
0,1,1,1,1,1,1,1,1,1,30,f,no,no,1,2,2,2,2,1,2,1,2
1,0,1,1,1,1,1,1,1,1,35,f,yes,no,1,2,2,2,2,1,2,2,1
1,0,1,1,1,1,1,0,0,1,35,f,yes,no,1,1,1,2,1,1,2,2,1
1,0,1,1,0,0,0,0,0,1,37,f,no,no,0,0,0,0,0,1,1,2,1
0,1,1,1,0,0,0,1,0,1,43,m,no,no,0,0,0,0,0,1,1,1,2
1,1,1,1,0,0,1,0,0,1,52,m,no,no,0,1,1,1,1,2,1,2,2
1,1,1,1,1,1,1,1,1,1,44,m,no,no,1,2,2,2,2,2,2,2,2
1,1,0,0,0,0,0,0,0,0,46,f,no,no,0,0,0,0,0,2,0,1,1
1,0,0,0,1,0,0,0,0,1,42,f,no,no,0,1,0,1,0,1,0,1,0
0,0,1,0,0,0,0,0,0,0,20,m,no,no,0,0,0,0,0,0,1,0,0
1,1,1,0,1,0,1,0,1,1,18,m,no,no,1,2,2,2,2,2,1,1,1
1,1,1,1,1,1,0,1,1,1,38,m,no,no,1,1,1,1,1,2,2,2,2
1,0,0,1,1,0,0,1,0,0,24,f,no,no,0,1,0,1,0,1,0,1,1
1,1,0,0,0,0,0,1,0,0,32,m,no,no,0,0,0,0,0,2,0,1,1
1,1,0,1,1,0,0,0,0,0,29,m,no,no,0,1,0,1,0,2,0,2,2
1,1,1,1,1,1,1,1,0,1,22,f,no,no,1,1,1,2,1,2,2,2,2
0,1,1,1,1,1,0,0,0,1,19,f,yes,no,0,1,0,1,0,1,2,1,2
1,1,1,1,1,1,1,0,1,1,39,f,no,no,1,2,2,2,2,2,2,2,2
1,0,0,1,1,1,1,1,1,1,17,m,no,no,1,2,2,2,2,1,1,2,1
0,1,0,1,0,1,1,0,1,1,19,f,no,no,0,1,2,1,2,1,1,1,2
1,0,0,0,0,0,1,1,1,0,18,m,no,no,0,1,2,1,2,1,0,1,0
0,1,0,0,1,1,0,0,1,0,19,m,no,no,0,1,1,1,1,1,1,0,1
0,1,0,0,0,0,0,1,0,0,28,f,no,no,0,0,0,0,0,1,0,0,1
0,1,0,1,0,1,0,0,0,1,29,m,no,no,0,0,0,0,0,1,1,1,2
1,1,0,0,0,0,1,1,0,0,48,m,no,no,0,1,1,1,1,2,0,1,1
1,1,1,1,1,1,0,1,1,1,27,f,yes,no,1,1,1,1,1,2,2,2,2
1,0,1,1,0,0,0,0,0,0,34,f,no,no,0,0,0,0,0,1,1,1,1
1,1,0,1,0,0,0,0,0,1,31,m,no,no,0,0,0,0,0,2,0,2,2
1,0,0,0,0,0,0,1,0,1,47,m,no,no,0,0,0,0,0,1,0,1,0
1,0,0,1,0,0,0,1,0,0,47,m,no,no,0,0,0,0,0,1,0,2,1
1,0,0,0,1,0,1,1,0,0,25,f,no,no,0,1,1,2,1,1,0,1,0
1,1,0,0,1,1,1,1,1,1,20,m,no,no,1,2,2,2,2,2,1,1,1
1,1,1,1,1,0,1,1,1,1,43,m,yes,no,1,2,2,2,2,2,1,2,2
1,1,1,1,1,0,0,1,1,1,36,f,no,no,1,1,1,1,1,2,1,2,2
1,1,0,0,0,0,0,1,0,0,30,f,no,no,0,0,0,0,0,2,0,1,1
0,0,1,1,0,0,0,0,0,0,44,m,no,no,0,0,0,0,0,0,1,1,1
1,1,0,0,1,0,0,0,0,1,40,f,no,no,0,1,0,1,0,2,0,1,1
1,1,0,0,1,1,0,1,1,0,40,f,yes,no,0,1,1,1,1,2,1,1,1
1,1,0,1,1,1,0,1,1,0,40,f,yes,no,1,1,1,1,1,2,1,1,2
1,1,1,1,1,0,0,1,0,1,30,m,no,no,1,1,0,1,0,2,1,2,2
1,0,1,1,0,0,1,0,0,1,47,f,no,no,0,1,1,1,1,1,1,2,1
1,1,1,1,1,1,1,1,1,1,21,m,no,no,1,2,2,2,2,2,2,2,2
1,1,1,1,1,1,0,1,1,1,21,m,no,no,1,1,1,1,1,2,2,2,2
1,0,1,1,1,1,1,1,1,1,31,f,no,no,1,2,2,2,2,1,2,2,1
1,1,1,0,0,0,0,0,0,0,21,f,no,no,0,0,0,0,0,2,1,1,1
0,1,1,1,0,0,0,1,1,0,29,f,no,no,0,1,1,0,1,1,1,1,2
0,1,1,1,1,0,1,0,1,0,22,m,no,no,0,2,2,2,2,1,1,1,2
1,1,1,1,1,1,1,1,1,1,51,m,yes,no,1,2,2,2,2,2,2,2,2
1,0,0,0,0,0,0,0,0,0,23,m,no,no,0,0,0,0,0,1,0,1,0
1,0,0,0,1,0,0,0,1,1,30,m,no,no,0,1,1,1,1,1,0,1,0
1,1,0,0,0,0,0,1,0,0,22,m,no,no,0,0,0,0,0,2,0,1,1
1,1,0,0,0,0,0,1,0,1,22,m,no,no,0,0,0,0,0,2,0,1,1
1,0,0,0,1,0,1,1,0,1,24,m,no,no,0,1,1,2,1,1,0,1,0
1,0,0,0,0,0,0,1,0,1,26,f,no,no,0,0,0,0,0,1,0,1,0
1,0,1,1,0,0,0,1,1,1,33,f,no,no,0,1,1,0,1,1,1,2,1
1,0,0,0,0,0,0,1,1,0,23,m,no,no,0,1,1,0,1,1,0,1,0
1,0,1,0,0,0,0,1,0,0,42,f,no,no,0,0,0,0,0,1,1,1,0
1,0,1,0,0,0,0,0,0,0,26,f,no,no,0,0,0,0,0,1,1,1,0
1,0,0,0,0,0,0,1,0,0,29,f,no,no,0,0,0,0,0,1,0,1,0
1,0,0,0,0,0,1,0,0,1,35,f,no,no,0,1,1,1,1,1,0,1,0
1,0,0,0,1,1,0,1,0,0,25,f,no,no,0,1,0,1,0,1,1,1,0
1,0,0,0,0,0,1,1,0,0,25,m,no,no,0,1,1,1,1,1,0,1,0
0,0,0,0,0,0,0,1,0,0,28,f,yes,no,0,0,0,0,0,0,0,0,0
1,0,0,0,0,0,0,0,0,0,33,m,no,no,0,0,0,0,0,1,0,1,0
1,0,0,1,0,0,1,1,0,0,25,m,no,no,0,1,1,1,1,1,0,2,1
0,0,1,0,1,1,0,1,0,1,25,m,no,no,0,1,0,1,0,0,2,1,0
1,0,0,0,1,0,1,1,0,0,24,m,no,no,0,1,1,2,1,1,0,1,0
1,1,1,1,0,0,0,0,0,1,27,f,no,no,0,0,0,0,0,2,1,2,2
1,0,0,0,0,0,0,0,0,0,22,m,no,no,0,0,0,0,0,1,0,1,0
1,1,0,1,0,0,0,1,0,1,21,f,no,no,0,0,0,0,0,2,0,2,2
1,0,1,1,0,1,0,1,0,1,27,f,no,no,0,0,0,0,0,1,2,2,1
1,0,0,0,1,0,1,0,0,0,23,m,no,no,0,1,1,2,1,1,0,1,0
0,0,0,1,1,0,0,1,0,1,22,m,no,no,0,1,0,1,0,0,0,1,1
0,1,0,0,0,0,0,0,0,1,23,f,no,no,0,0,0,0,0,1,0,0,1
1,0,0,1,0,0,0,1,0,1,30,m,no,no,0,0,0,0,0,1,0,2,1
0,1,0,0,1,0,1,1,0,0,33,m,no,no,0,1,1,2,1,1,0,0,1
1,0,1,1,1,0,1,1,1,0,24,f,no,no,1,2,2,2,2,1,1,1,1
1,0,0,0,1,0,1,1,0,0,22,f,no,no,0,1,1,2,1,1,0,1,0
1,0,0,1,1,0,1,1,1,1,22,m,no,no,1,2,2,2,2,1,0,2,1
1,0,0,0,0,0,0,1,0,1,29,f,no,no,0,0,0,0,0,1,0,1,0
1,0,1,0,1,0,1,1,0,1,22,f,no,no,0,1,1,2,1,1,1,1,0
1,0,1,0,0,0,0,1,0,0,21,m,yes,no,0,0,0,0,0,1,1,1,0
1,0,0,0,0,0,1,1,0,0,23,m,no,no,0,1,1,1,1,1,0,1,0
1,0,0,0,1,0,1,1,0,1,23,f,no,no,0,1,1,2,1,1,0,1,0
1,0,0,0,1,0,1,1,1,1,23,f,no,no,0,2,2,2,2,1,0,1,0
1,1,0,1,1,0,1,1,0,0,32,m,no,no,0,1,1,2,1,2,0,2,2
0,0,0,0,0,0,1,0,0,1,27,m,no,no,0,1,1,1,1,0,0,1,0
0,0,1,0,0,0,0,1,0,0,28,f,no,no,0,0,0,0,0,0,1,0,0
1,1,0,0,1,0,0,1,1,1,25,f,no,no,0,1,1,1,1,2,0,1,1
1,0,1,0,1,0,1,1,1,1,22,m,no,no,1,2,2,2,2,1,1,1,0
0,1,1,0,0,0,1,0,0,1,36,m,no,no,0,1,1,1,1,1,1,1,1
0,0,0,0,0,0,0,0,0,0,27,f,no,no,0,0,0,0,0,0,0,0,0
1,1,1,1,1,1,1,1,1,1,21,f,no,no,1,2,2,2,2,2,2,2,2
1,1,0,1,1,0,0,1,0,0,18,m,no,no,0,1,0,1,0,2,0,2,2
1,0,0,0,1,1,1,1,1,1,49,m,no,no,1,2,2,2,2,1,1,1,0
1,1,1,0,0,0,0,1,0,0,18,m,no,no,0,0,0,0,0,2,1,1,1
1,0,1,1,1,0,1,1,1,0,29,m,no,no,1,2,2,2,2,1,1,2,1
0,0,0,0,1,0,0,1,0,0,31,f,no,no,0,1,0,1,0,0,0,0,0
1,0,0,0,0,0,0,0,0,0,37,f,no,no,0,0,0,0,0,1,0,1,0
1,0,1,1,1,0,0,1,0,1,17,m,yes,no,0,1,0,1,0,1,1,2,1
1,0,1,1,0,0,1,1,1,1,17,m,no,no,1,1,2,1,2,1,1,2,1
1,1,1,1,0,0,0,0,0,0,38,f,no,no,0,0,0,0,0,2,1,1,2
1,0,1,0,0,1,0,1,0,1,18,m,yes,no,0,0,0,0,0,1,2,1,0
1,0,1,1,1,0,0,0,0,0,31,f,no,no,0,1,0,1,0,1,1,1,1
0,1,1,1,0,0,0,0,0,0,33,m,yes,no,0,0,0,0,0,1,1,1,2
1,1,0,0,0,0,0,0,0,0,32,f,yes,no,0,0,0,0,0,2,0,1,1
1,0,0,0,0,0,1,0,0,1,30,m,yes,no,0,1,1,1,1,1,0,1,0
0,0,0,0,0,0,0,0,0,1,33,f,no,no,0,0,0,0,0,0,0,0,0
1,1,1,1,1,1,1,1,1,1,30,f,no,no,1,2,2,2,2,2,2,2,2
1,1,1,1,1,0,1,1,1,1,30,m,no,no,1,2,2,2,2,2,1,2,2
1,0,0,1,1,0,1,0,0,1,38,f,no,no,0,1,1,2,1,1,0,2,1
1,0,0,0,1,0,1,0,1,1,22,m,no,no,0,2,2,2,2,1,0,1,0
1,1,0,0,1,0,1,0,1,0,36,m,no,no,0,2,2,2,2,2,0,1,1
0,0,1,1,0,0,1,0,0,0,43,m,no,no,0,1,1,1,1,0,1,1,1
1,1,1,1,1,1,0,0,1,1,44,m,no,no,1,1,1,1,1,2,2,2,2
1,1,1,0,1,1,0,1,1,1,20,f,no,no,1,1,1,1,1,2,2,1,1
1,1,1,1,1,1,0,1,1,1,40,f,yes,no,1,1,1,1,1,2,2,2,2
1,0,0,1,1,1,0,0,1,0,25,m,no,no,0,1,1,1,1,1,1,2,1
1,0,0,0,0,0,1,1,0,1,28,m,no,no,0,1,1,1,1,1,0,1,0
0,0,0,0,0,0,1,1,0,1,17,m,no,no,0,1,1,1,1,0,0,1,0
1,1,1,1,1,1,1,0,1,1,34,m,no,no,1,2,2,2,2,2,2,2,2
0,0,0,0,0,0,0,1,0,0,56,m,no,no,0,0,0,0,0,0,0,0,0
0,0,1,0,0,0,1,1,0,0,50,f,no,no,0,1,1,1,1,0,1,0,0
1,0,0,0,0,0,1,1,0,1,38,m,no,no,0,1,1,1,1,1,0,1,0
1,1,1,1,1,0,1,1,1,1,30,m,no,no,1,2,2,2,2,2,1,2,2
1,1,1,1,1,0,0,1,0,1,21,m,no,no,1,1,0,1,0,2,1,2,2
1,1,1,1,1,0,1,1,0,1,21,m,no,no,1,1,1,2,1,2,1,2,2
1,1,1,0,1,0,1,1,1,1,31,m,no,no,1,2,2,2,2,2,1,1,1
1,1,0,0,1,1,0,1,0,1,27,f,yes,no,0,1,0,1,0,2,1,1,1
1,1,1,1,0,0,0,0,1,0,24,f,yes,no,0,1,1,0,1,2,1,1,2
1,1,0,0,0,0,1,0,0,1,35,m,yes,no,0,1,1,1,1,2,0,1,1
1,0,0,0,0,0,1,0,0,1,18,m,no,no,0,1,1,1,1,1,0,1,0
1,1,1,1,1,0,0,1,1,1,43,f,no,no,1,1,1,1,1,2,1,2,2
1,1,1,1,1,1,1,1,1,1,44,m,no,no,1,2,2,2,2,2,2,2,2
1,1,1,1,1,1,1,1,1,1,40,m,yes,no,1,2,2,2,2,2,2,2,2
1,1,0,1,1,1,1,1,1,1,49,f,no,no,1,2,2,2,2,2,1,2,2
1,1,0,0,0,0,0,1,0,0,24,m,no,no,0,0,0,0,0,2,0,1,1
1,1,0,0,0,0,0,1,1,0,30,f,yes,no,0,1,1,0,1,2,0,1,1
1,0,1,0,0,0,0,1,0,1,53,m,no,no,0,0,0,0,0,1,1,1,0
1,0,1,1,1,0,0,1,1,1,38,m,no,no,1,1,1,1,1,1,1,2,1
1,0,0,0,1,0,1,1,0,1,28,m,no,no,0,1,1,2,1,1,0,1,0
1,1,1,0,1,1,1,1,1,1,28,m,no,no,1,2,2,2,2,2,2,1,1
1,0,1,1,1,1,1,0,1,1,26,m,no,no,1,2,2,2,2,1,2,2,1
1,0,0,0,1,1,1,1,1,1,39,f,no,no,1,2,2,2,2,1,1,1,0
0,0,0,0,1,0,0,0,0,0,31,f,yes,no,0,1,0,1,0,0,0,0,0
1,0,0,1,0,0,1,1,0,0,24,m,no,no,0,1,1,1,1,1,0,2,1
1,1,1,0,1,1,1,1,0,1,28,m,no,no,1,1,1,2,1,2,2,1,1
1,0,0,1,0,0,0,1,0,1,31,f,no,no,0,0,0,0,0,1,0,2,1
1,1,1,1,1,0,0,1,0,1,27,m,yes,no,1,1,0,1,0,2,1,2,2
1,0,1,1,0,0,1,1,0,0,28,m,no,no,0,1,1,1,1,1,1,2,1
1,1,1,1,1,1,0,1,1,1,31,m,no,no,1,1,1,1,1,2,2,2,2
1,1,1,1,1,0,0,0,0,1,46,f,no,no,0,1,0,1,0,2,1,2,2
1,1,1,1,1,1,1,1,1,1,27,f,no,no,1,2,2,2,2,2,2,2,2
0,1,0,1,1,0,1,1,1,1,25,f,no,no,1,2,2,2,2,1,0,1,2
1,0,0,0,0,0,0,1,0,1,34,m,no,no,0,0,0,0,0,1,0,1,0
1,0,1,1,1,0,1,1,0,1,24,f,no,no,1,1,1,2,1,1,1,2,1
1,0,0,1,1,0,1,0,1,1,35,m,no,no,0,2,2,2,2,1,0,2,1
1,0,1,1,1,0,1,1,1,1,26,f,no,no,1,2,2,2,2,1,1,2,1
1,1,0,0,1,1,0,1,0,0,6,m,no,no,0,1,0,1,0,2,1,1,1
1,1,0,0,1,1,0,1,0,0,6,m,no,no,0,1,0,1,0,2,1,1,1
1,1,0,0,0,1,1,1,0,0,6,m,no,no,0,1,1,1,1,2,1,1,1
0,1,0,0,1,1,0,0,0,1,5,f,yes,no,0,1,0,1,0,1,1,0,1
1,1,1,1,1,1,1,1,1,1,5,m,yes,no,1,2,2,2,2,2,2,2,2
0,0,1,0,1,1,0,1,0,1,4,m,no,no,0,1,0,1,0,0,2,1,0
1,0,1,1,1,1,0,1,0,1,5,m,no,no,1,1,0,1,0,1,2,2,1
1,1,1,1,1,1,1,1,0,0,5,f,no,no,1,1,1,2,1,2,2,1,2
1,1,1,1,1,1,1,0,0,0,11,f,no,no,1,1,1,2,1,2,2,1,2
0,0,1,1,1,0,1,1,0,0,11,f,no,no,0,1,1,2,1,0,1,1,1
1,0,0,0,1,1,1,1,1,1,10,m,yes,no,1,2,2,2,2,1,1,1,0
0,1,0,0,1,0,0,0,0,1,5,f,no,no,0,1,0,1,0,1,0,0,1
0,1,1,1,1,1,1,1,1,1,4,m,yes,no,1,2,2,2,2,1,2,1,2
1,0,0,0,0,0,1,0,0,0,4,f,no,no,0,1,1,1,1,1,0,1,0
1,1,1,1,1,1,1,1,1,1,6,m,no,no,1,2,2,2,2,2,2,2,2
1,1,1,1,1,1,1,1,1,1,8,m,no,no,1,2,2,2,2,2,2,2,2
1,1,1,1,1,1,0,1,1,1,4,m,no,no,1,1,1,1,1,2,2,2,2
0,0,0,0,0,0,1,0,0,0,7,m,no,no,0,1,1,1,1,0,0,0,0
1,0,1,1,1,0,1,1,1,1,11,m,no,no,1,2,2,2,2,1,1,2,1
1,1,1,1,1,1,0,1,0,1,5,m,no,no,1,1,0,1,0,2,2,2,2
1,1,1,1,1,1,1,0,1,0,5,m,yes,no,1,2,2,2,2,2,2,2,2
0,0,1,1,0,1,0,1,1,0,9,f,no,no,0,1,1,0,1,0,2,1,1
1,1,0,1,0,0,0,0,0,0,4,m,no,no,0,0,0,0,0,2,0,2,2
1,0,1,1,0,1,0,0,1,0,6,f,no,no,0,1,1,0,1,1,2,1,1
1,0,1,1,1,1,0,1,1,1,11,m,no,no,1,1,1,1,1,1,2,2,1
0,0,1,1,1,0,1,1,1,0,6,m,no,no,0,2,2,2,2,0,1,1,1
1,0,1,0,1,1,0,0,1,1,6,f,no,no,0,1,1,1,1,1,2,1,0
1,1,1,1,1,1,1,1,1,1,5,m,yes,no,1,2,2,2,2,2,2,2,2
0,1,1,0,0,0,1,1,0,1,6,m,no,no,0,1,1,1,1,1,1,1,1
0,0,1,0,1,0,1,0,0,0,4,f,yes,no,0,1,1,2,1,0,1,0,0
1,1,1,1,1,1,1,1,1,1,11,m,no,no,1,2,2,2,2,2,2,2,2
0,0,1,0,0,1,0,0,1,1,6,m,yes,no,0,1,1,0,1,0,2,1,0
1,0,0,1,0,1,1,1,1,1,8,m,no,no,1,1,2,1,2,1,1,2,1
1,0,0,0,1,1,0,1,0,1,5,m,yes,no,0,1,0,1,0,1,1,1,0
1,0,0,0,1,1,0,0,1,1,6,m,yes,no,0,1,1,1,1,1,1,1,0
0,1,0,0,0,0,0,0,0,0,7,f,yes,no,0,0,0,0,0,1,0,0,1
0,1,0,0,1,0,0,1,0,0,4,f,no,no,0,1,0,1,0,1,0,0,1
1,1,0,0,0,0,0,0,0,0,7,m,no,no,0,0,0,0,0,2,0,1,1
1,1,1,1,1,1,1,1,1,1,4,m,yes,no,1,2,2,2,2,2,2,2,2
0,1,1,1,1,1,1,1,0,1,4,m,no,no,1,1,1,2,1,1,2,1,2
0,0,1,1,1,1,0,1,0,1,5,m,yes,no,0,1,0,1,0,0,2,1,1
0,1,0,0,0,0,0,0,0,0,4,m,no,no,0,0,0,0,0,1,0,0,1
1,0,0,0,1,0,1,0,0,1,6,f,no,no,0,1,1,2,1,1,0,1,0
1,0,1,1,1,1,0,1,1,1,4,f,no,no,1,1,1,1,1,1,2,2,1
0,0,0,1,0,0,1,0,0,0,10,m,no,no,0,1,1,1,1,0,0,1,1
0,1,1,0,1,1,0,0,0,1,4,f,yes,no,0,1,0,1,0,1,2,0,1
0,1,1,0,1,1,0,0,0,0,4,f,yes,no,0,1,0,1,0,1,2,0,1
1,1,1,0,1,0,1,1,0,1,6,m,no,no,1,1,1,2,1,2,1,1,1
1,0,1,1,1,1,0,0,1,1,6,f,yes,no,1,1,1,1,1,1,2,2,1
0,1,0,0,1,0,0,0,0,0,7,m,no,no,0,1,0,1,0,1,0,0,1
0,1,0,0,1,0,1,0,0,1,7,m,yes,no,0,1,1,2,1,1,0,1,1
0,0,1,0,1,1,1,0,1,1,4,m,no,no,0,2,2,2,2,0,2,1,0
1,0,0,1,0,1,0,1,1,1,6,m,no,no,0,1,1,0,1,1,1,2,1
1,1,1,1,1,1,1,0,1,1,7,m,yes,no,1,2,2,2,2,2,2,2,2
1,0,1,1,0,1,0,0,0,1,5,m,no,no,0,0,0,0,0,1,2,2,1
0,0,1,0,1,0,0,0,0,0,5,m,no,no,0,1,0,1,0,0,1,0,0
0,0,1,0,0,1,0,0,0,0,6,m,no,no,0,0,0,0,0,0,2,0,0
1,0,1,1,1,1,1,1,1,1,4,f,no,no,1,2,2,2,2,1,2,2,1
1,0,1,1,1,1,1,1,1,0,9,f,no,no,1,2,2,2,2,1,2,1,1
1,0,1,1,1,1,0,0,1,1,4,m,no,no,1,1,1,1,1,1,2,2,1
1,0,1,0,1,0,0,0,0,0,4,m,no,no,0,1,0,1,0,1,1,1,0
1,0,1,1,1,1,1,1,1,1,9,m,no,no,1,2,2,2,2,1,2,2,1
1,1,1,0,1,1,0,0,0,1,4,f,yes,no,0,1,0,1,0,2,2,1,1
1,1,1,0,1,1,1,1,1,1,9,m,yes,no,1,2,2,2,2,2,2,1,1
1,0,1,1,0,0,0,1,0,1,8,m,no,no,0,0,0,0,0,1,1,2,1
0,0,1,0,0,0,0,0,0,0,8,m,no,no,0,0,0,0,0,0,1,0,0
1,0,0,0,1,0,0,0,0,1,4,m,no,no,0,1,0,1,0,1,0,1,0
1,0,0,0,1,0,1,0,0,1,4,m,no,no,0,1,1,2,1,1,0,1,0
0,0,1,0,1,1,1,0,1,0,4,f,no,no,0,2,2,2,2,0,2,0,0
1,0,1,1,1,1,1,1,1,1,4,m,no,no,1,2,2,2,2,1,2,2,1
1,0,1,0,1,0,1,0,0,1,7,m,no,no,0,1,1,2,1,1,1,1,0
0,1,0,0,1,0,1,0,0,1,7,f,yes,no,0,1,1,2,1,1,0,0,1
1,0,1,1,1,1,0,1,0,1,6,m,no,no,1,1,0,1,0,1,2,2,1
1,0,1,1,1,1,0,1,1,1,5,f,no,no,1,1,1,1,1,1,2,2,1
1,0,1,1,1,1,0,0,1,1,8,f,no,no,1,1,1,1,1,1,2,2,1
0,0,0,1,1,1,1,1,1,0,5,m,no,no,0,2,2,2,2,0,1,1,1
1,1,1,1,0,1,1,1,1,1,11,f,no,no,1,1,2,1,2,2,2,2,2
1,0,0,0,1,0,1,0,0,1,8,m,yes,no,0,1,1,2,1,1,0,1,0
1,1,1,1,1,1,1,0,1,1,4,m,no,no,1,2,2,2,2,2,2,2,2
0,1,1,1,0,1,0,1,1,0,7,m,yes,no,0,1,1,0,1,1,2,1,2
1,0,0,1,0,1,0,0,0,0,4,m,no,no,0,0,0,0,0,1,1,2,1
0,1,1,1,1,1,1,1,1,1,7,m,yes,no,1,2,2,2,2,1,2,1,2
1,0,1,1,1,1,1,1,0,1,8,m,no,no,1,1,1,2,1,1,2,2,1
0,1,1,0,1,1,0,0,0,1,5,m,no,no,0,1,0,1,0,1,2,1,1
1,1,1,1,1,1,1,0,1,1,11,f,no,no,1,2,2,2,2,2,2,2,2
1,1,1,1,0,0,1,0,1,1,11,f,no,no,1,1,2,1,2,2,1,2,2
1,1,1,1,1,1,1,1,1,1,4,m,no,no,1,2,2,2,2,2,2,2,2
1,1,1,1,0,1,0,0,0,0,5,m,no,no,0,0,0,0,0,2,2,2,2
0,1,1,1,1,1,1,1,1,1,6,m,no,no,1,2,2,2,2,1,2,1,2
1,0,1,1,1,1,1,0,1,1,4,f,no,no,1,2,2,2,2,1,2,2,1
1,0,0,1,1,1,1,0,0,0,11,f,yes,no,0,1,1,2,1,1,1,1,1
0,0,1,1,1,1,1,1,1,1,5,m,no,no,1,2,2,2,2,0,2,1,1
1,1,1,1,1,1,1,1,1,1,6,m,no,no,1,2,2,2,2,2,2,2,2
1,0,1,0,1,1,1,1,0,1,7,m,no,no,1,1,1,2,1,1,2,1,0
1,1,1,1,1,1,0,1,0,1,11,m,no,no,1,1,0,1,0,2,2,2,2
1,1,1,1,1,0,1,0,1,1,4,m,no,no,1,2,2,2,2,2,1,2,2
1,1,1,0,1,1,1,0,1,1,4,m,no,no,1,2,2,2,2,2,2,1,1
0,0,1,1,0,0,0,0,0,0,7,m,no,no,0,0,0,0,0,0,1,1,1
1,1,0,1,0,1,1,0,1,0,11,f,yes,no,0,1,2,1,2,2,1,1,2
1,1,1,1,0,1,1,0,0,1,6,f,no,no,1,1,1,1,1,2,2,2,2
0,0,0,0,0,0,1,0,1,0,9,f,no,no,0,1,2,1,2,0,0,0,0
0,1,0,1,0,1,0,0,1,1,10,m,no,no,0,1,1,0,1,1,1,1,2
0,0,0,0,1,1,1,0,0,1,4,m,no,no,0,1,1,2,1,0,1,1,0
1,1,1,1,1,1,0,1,0,1,4,m,yes,no,1,1,0,1,0,2,2,2,2
1,1,1,1,1,1,0,0,1,1,10,m,yes,no,1,1,1,1,1,2,2,2,2
1,0,0,0,1,0,0,0,0,1,4,f,yes,no,0,1,0,1,0,1,0,1,0
0,1,0,0,0,1,1,1,0,0,11,m,no,no,0,1,1,1,1,1,1,0,1
0,0,1,0,1,0,0,0,0,1,7,m,no,no,0,1,0,1,0,0,1,1,0
0,1,1,1,1,0,1,1,0,1,5,m,no,no,1,1,1,2,1,1,1,1,2
1,1,0,0,0,0,0,0,0,1,4,f,no,no,0,0,0,0,0,2,0,1,1
0,0,1,1,1,1,0,1,1,1,8,m,no,no,1,1,1,1,1,0,2,1,1
1,1,1,1,1,1,1,1,1,0,4,m,no,no,1,2,2,2,2,2,2,2,2
1,0,1,0,1,1,0,1,0,1,4,m,no,no,0,1,0,1,0,1,2,1,0
1,1,1,1,1,1,1,1,1,1,11,m,yes,no,1,2,2,2,2,2,2,2,2
1,1,1,1,1,1,1,0,1,1,10,f,no,no,1,2,2,2,2,2,2,2,2
1,1,0,1,0,1,0,0,1,1,6,f,no,no,0,1,1,0,1,2,1,2,2
0,0,0,1,1,1,1,1,1,0,4,m,no,no,0,2,2,2,2,0,1,1,1
0,1,1,0,1,0,0,0,0,1,4,m,no,no,0,1,0,1,0,1,1,1,1
0,1,1,1,0,1,0,1,1,1,4,m,no,no,1,1,1,0,1,1,2,1,2
0,0,1,1,0,0,1,1,1,0,10,m,no,no,0,1,2,1,2,0,1,1,1
1,1,1,1,1,1,1,1,1,1,7,m,no,no,1,2,2,2,2,2,2,2,2
0,1,1,0,0,1,1,1,0,0,4,m,yes,no,0,1,1,1,1,1,2,0,1
1,1,1,0,0,1,1,1,1,1,6,f,yes,no,1,1,2,1,2,2,2,1,1
0,1,1,0,1,1,1,1,1,1,5,m,no,no,1,2,2,2,2,1,2,1,1
1,1,1,1,0,1,0,1,0,1,8,m,yes,no,1,0,0,0,0,2,2,2,2
0,0,1,0,1,1,1,1,1,1,4,f,yes,no,1,2,2,2,2,0,2,0,0
1,0,1,0,1,1,1,1,0,0,9,m,no,no,0,1,1,2,1,1,2,1,0
1,0,1,1,0,1,1,1,0,1,4,f,yes,no,1,1,1,1,1,1,2,2,1
1,1,1,1,1,1,1,0,1,1,10,m,no,no,1,2,2,2,2,2,2,2,2
1,1,0,0,0,0,1,0,0,1,9,m,no,no,0,1,1,1,1,2,0,1,1
0,1,1,1,1,1,0,0,0,1,5,m,yes,no,0,1,0,1,0,1,2,1,2
1,1,1,0,0,0,0,0,1,1,4,f,no,no,0,1,1,0,1,2,1,1,1
1,1,1,1,1,1,0,1,1,1,4,m,no,no,1,1,1,1,1,2,2,2,2
0,1,1,1,1,0,0,0,1,0,6,m,no,no,0,1,1,1,1,1,1,1,2
1,1,1,0,1,0,1,0,1,1,4,f,yes,no,1,2,2,2,2,2,1,1,1
0,0,0,0,0,0,0,0,0,0,5,f,no,no,0,0,0,0,0,0,0,0,0
0,1,1,0,1,1,1,1,0,0,8,m,yes,no,0,1,1,2,1,1,2,0,1
1,1,1,1,1,1,1,1,1,1,9,m,yes,no,1,2,2,2,2,2,2,2,2
1,0,1,1,1,0,1,1,1,1,7,f,no,no,1,2,2,2,2,1,1,2,1
0,1,1,0,0,1,1,1,0,1,10,f,no,no,0,1,1,1,1,1,2,0,1
1,0,1,1,1,1,0,1,0,1,4,m,no,no,1,1,0,1,0,1,2,2,1
1,0,1,1,0,1,1,1,0,1,4,m,no,no,1,1,1,1,1,1,2,2,1
1,1,0,1,1,1,1,0,0,0,7,f,no,no,0,1,1,2,1,2,1,1,2
1,1,1,1,1,1,1,0,1,1,4,m,yes,no,1,2,2,2,2,2,2,2,2
0,1,1,0,1,0,1,0,0,1,4,m,yes,no,0,1,1,2,1,1,1,1,1
1,1,1,1,1,1,1,0,1,1,10,m,no,no,1,2,2,2,2,2,2,2,2
0,0,1,0,1,1,0,1,1,1,4,m,no,no,0,1,1,1,1,0,2,1,0
0,0,0,0,1,1,1,0,0,0,4,m,no,no,0,1,1,2,1,0,1,0,0
1,1,1,1,1,1,0,0,0,1,4,m,no,no,1,1,0,1,0,2,2,2,2
1,0,1,0,1,1,0,1,1,1,4,m,no,no,1,1,1,1,1,1,2,1,0
0,1,1,0,0,0,1,1,1,1,7,m,yes,no,0,1,2,1,2,1,1,1,1
1,1,1,1,1,1,1,0,1,1,4,m,no,no,1,2,2,2,2,2,2,2,2
1,1,1,1,1,0,1,0,1,1,5,f,no,no,1,2,2,2,2,2,1,2,2
1,1,1,1,1,1,1,1,0,1,6,m,yes,no,1,1,1,2,1,2,2,2,2
0,1,0,0,0,1,1,1,1,1,6,f,no,no,0,1,2,1,2,1,1,0,1
1,1,0,0,1,1,1,1,1,1,6,f,no,no,1,2,2,2,2,2,1,1,1
0,1,0,1,1,1,1,0,1,1,9,m,no,no,1,2,2,2,2,1,1,1,2
1,1,1,1,1,1,1,1,1,1,8,m,no,no,1,2,2,2,2,2,2,2,2
1,0,1,1,1,1,0,1,0,1,11,m,no,no,1,1,0,1,0,1,2,2,1
1,0,0,0,1,1,1,1,1,1,9,m,no,no,1,2,2,2,2,1,1,1,0
0,1,0,0,0,1,0,0,0,1,9,f,no,no,0,0,0,0,0,1,1,0,1
1,0,0,1,1,1,1,0,1,1,7,m,no,no,1,2,2,2,2,1,1,2,1
0,0,1,0,0,1,1,0,0,1,4,m,no,no,0,1,1,1,2,0,2,1,0
1,0,0,0,1,1,1,0,0,1,10,f,no,no,0,1,1,2,1,1,1,1,0
0,0,0,0,1,0,1,1,0,1,8,m,no,no,0,1,1,2,1,0,0,1,0
1,0,1,1,1,1,1,1,0,1,6,m,no,no,1,1,1,2,1,1,2,2,1
0,1,1,1,1,1,0,1,1,1,8,m,yes,no,1,1,1,1,1,1,2,1,2
1,0,1,1,1,1,1,1,1,1,11,f,no,no,1,2,2,2,2,1,2,2,1
1,1,1,0,1,0,1,0,0,0,5,f,no,no,0,1,1,2,1,2,1,1,1
0,0,1,0,1,0,1,0,0,1,4,f,no,no,0,1,1,2,1,0,1,0,0
1,1,1,1,1,1,1,1,1,1,11,m,no,no,1,2,2,2,2,2,2,2,2
0,0,1,1,1,1,0,0,0,1,11,f,yes,no,0,1,0,1,0,0,2,1,1
0,1,1,0,0,1,1,1,0,0,4,m,yes,no,0,1,1,1,1,1,2,0,1
1,0,1,0,1,1,0,0,0,0,8,m,no,no,0,1,0,1,0,1,2,1,0
1,0,1,1,1,0,0,0,0,0,8,m,no,no,0,1,0,1,0,1,1,2,1
1,1,1,1,1,1,1,1,1,1,9,m,no,no,1,2,2,2,2,2,2,2,2
0,0,0,1,0,1,0,0,1,1,4,m,no,no,0,1,1,0,1,0,1,1,1
0,0,1,0,1,1,1,1,1,1,4,m,no,no,1,2,2,2,2,0,2,1,0
1,1,1,1,1,1,0,0,1,1,4,f,yes,no,1,1,1,1,1,2,2,2,2
0,1,1,0,1,0,1,0,0,0,4,f,no,no,0,1,1,2,1,1,1,0,1
1,0,0,1,1,1,1,1,1,1,11,m,no,no,1,2,2,2,2,1,1,2,1
0,1,1,1,0,1,0,0,0,1,10,f,no,no,0,0,0,0,0,1,2,1,2
1,0,1,1,1,1,0,1,0,1,11,m,no,no,1,1,0,1,0,1,2,2,1
1,0,1,0,1,0,1,0,1,1,4,m,yes,no,0,2,2,2,2,1,1,1,0
1,1,1,0,1,0,1,1,1,1,4,m,yes,no,1,2,2,2,2,2,1,1,1
1,1,1,1,1,1,1,1,1,1,6,f,no,no,1,2,2,2,2,2,2,2,2
0,0,1,1,1,1,1,1,0,0,8,m,no,no,0,1,1,2,1,0,2,1,1
1,1,1,1,1,0,1,1,1,1,4,f,no,no,1,2,2,2,2,2,1,2,2
1,1,1,0,1,1,0,1,0,1,4,m,no,no,1,1,0,1,0,2,2,1,1
1,1,0,1,1,1,1,0,0,1,8,m,no,no,1,1,1,2,1,2,1,2,2
1,1,1,0,1,1,0,0,1,1,11,m,no,no,1,1,1,1,1,2,2,1,1
1,0,1,0,1,1,1,0,1,0,4,f,yes,no,0,2,2,2,2,1,2,1,0
1,1,0,0,1,1,1,0,0,0,5,m,no,no,0,1,1,2,1,2,1,1,1
1,1,1,0,0,0,0,0,0,0,4,m,no,no,0,0,0,0,0,2,1,1,1
1,1,1,1,1,1,0,0,1,1,8,m,no,no,1,1,1,1,1,2,2,2,2
0,0,1,0,1,1,1,1,1,1,4,m,no,no,1,2,2,2,2,0,2,1,0
0,1,1,1,1,1,1,1,1,1,4,m,no,no,1,2,2,2,2,1,2,1,2
1,0,0,0,1,0,1,0,0,1,9,m,no,no,0,1,1,2,1,1,0,1,0
1,0,0,0,1,0,1,0,0,1,9,m,yes,no,0,1,1,2,1,1,0,1,0
1,1,1,1,1,1,1,0,1,0,4,f,no,no,1,2,2,2,2,2,2,1,2
0,0,1,0,1,0,1,0,0,1,5,m,no,no,0,1,1,2,1,0,1,1,0
1,1,1,1,1,1,0,0,0,1,7,f,yes,no,1,1,0,1,0,2,2,2,2
1,0,1,1,1,0,1,1,1,1,4,f,yes,no,1,2,2,2,2,1,1,2,1
1,1,1,1,0,1,0,0,0,0,5,f,no,no,0,0,0,0,0,2,2,1,2
1,1,1,1,1,1,0,1,1,0,6,m,no,no,1,1,1,1,1,2,2,2,2
1,1,1,1,0,1,1,1,1,1,8,m,no,no,1,1,2,1,2,2,2,2,2
1,0,0,0,1,0,0,0,0,1,4,m,no,no,0,1,0,1,0,1,0,1,0
1,0,1,1,1,1,0,1,0,0,5,m,no,no,0,1,0,1,0,1,2,2,1
1,0,1,1,1,1,0,1,0,1,5,m,no,no,1,1,0,1,0,1,2,2,1
1,0,1,0,1,0,1,0,1,1,6,m,yes,no,0,2,2,2,2,1,1,1,0
0,1,1,0,1,1,0,0,0,1,4,m,yes,no,0,1,0,1,0,1,2,1,1
0,0,1,0,1,1,1,0,1,1,8,m,no,no,0,2,2,2,2,0,2,1,0
1,0,1,1,0,1,0,1,1,0,5,m,no,no,0,1,1,0,1,1,2,2,1
1,1,1,1,1,1,1,1,1,1,4,f,no,no,1,2,2,2,2,2,2,2,2
1,0,1,1,1,1,1,1,1,0,6,m,no,no,1,2,2,2,2,1,2,2,1
0,0,0,0,0,0,0,0,0,1,11,m,no,no,0,0,0,0,0,0,0,1,0
0,0,1,0,0,0,1,0,1,0,6,m,no,no,0,1,2,1,2,0,1,0,0
1,0,1,1,1,1,1,1,1,1,4,f,no,no,1,2,2,2,2,1,2,2,1
1,1,1,1,1,1,1,1,1,1,8,m,no,no,1,2,2,2,2,2,2,2,2
1,1,1,1,1,1,1,0,0,1,4,m,no,no,1,1,1,2,1,2,2,2,2
1,1,1,1,1,0,1,1,0,0,4,m,no,no,1,1,1,2,1,2,1,2,2
1,1,1,1,1,1,0,0,1,1,6,m,no,no,1,1,1,1,1,2,2,2,2
1,0,1,1,1,0,0,0,0,0,8,m,yes,no,0,1,0,1,0,1,1,2,1
1,1,1,1,1,1,1,1,1,1,9,m,yes,no,1,2,2,2,2,2,2,2,2
0,0,0,0,1,1,0,1,0,1,8,f,no,no,0,1,0,1,0,0,1,0,0
0,0,1,0,1,1,1,1,1,1,5,m,no,no,1,2,2,2,2,0,2,1,0
1,0,0,0,1,0,1,1,0,0,5,m,no,no,0,1,1,2,1,1,0,1,0
1,1,1,1,0,1,0,1,1,1,4,m,yes,no,1,1,1,0,1,2,2,2,2
1,0,0,1,1,1,1,1,1,1,10,m,no,no,1,2,2,2,2,1,1,2,1
0,1,1,0,0,1,1,0,0,1,4,m,yes,no,0,1,1,1,1,1,2,1,1
0,1,1,1,1,1,1,0,0,1,4,m,yes,no,1,1,1,2,1,1,2,1,2
0,1,1,1,1,1,0,1,1,1,5,m,no,no,1,1,1,1,1,1,2,1,2
0,1,1,0,1,1,1,0,0,0,4,m,yes,no,0,1,1,2,1,1,2,0,1
0,0,1,1,1,1,0,1,0,1,5,m,no,no,0,1,0,1,0,0,2,1,1
1,1,1,1,1,1,1,0,1,1,7,f,no,no,1,2,2,2,2,2,2,2,2
0,1,1,0,0,1,0,0,1,1,11,f,yes,no,0,1,1,0,1,1,2,0,1
1,0,0,1,0,1,0,1,1,0,11,m,no,no,0,1,1,0,1,1,1,2,1
1,0,0,1,1,1,0,0,0,1,11,f,no,no,0,1,0,1,0,1,1,2,1
1,1,1,1,0,0,1,0,1,0,9,m,no,no,0,1,2,1,2,2,1,2,2
1,0,1,0,1,1,1,0,0,1,6,m,yes,no,0,1,1,2,1,1,2,1,0
0,1,0,0,0,0,1,0,0,1,6,m,yes,no,0,1,1,1,1,1,0,1,1
1,1,0,0,0,0,1,0,0,0,9,f,yes,no,0,1,1,1,1,2,0,1,1
0,1,1,0,1,1,0,1,0,1,7,m,yes,no,0,1,0,1,0,1,2,1,1
1,1,1,0,0,1,0,1,0,1,5,m,no,no,0,0,0,0,0,2,2,1,1
1,1,1,0,1,0,0,0,0,0,5,m,yes,no,0,1,0,1,0,2,1,1,1
0,0,0,0,0,0,1,0,0,0,10,m,no,no,0,1,1,1,1,0,0,0,0
0,0,1,0,0,0,1,0,0,1,7,m,no,no,0,1,1,1,1,0,1,1,0
0,1,0,1,1,0,1,1,0,1,9,m,yes,no,0,1,1,2,1,1,0,1,2
0,1,0,1,1,1,1,1,0,1,7,m,yes,no,1,1,1,2,1,1,1,1,2
0,1,1,1,1,1,1,1,0,1,7,m,yes,no,1,1,1,2,1,1,2,1,2
1,0,1,0,1,1,1,1,0,1,7,m,yes,no,1,1,1,2,1,1,2,1,0
1,0,1,1,1,1,1,1,0,1,9,f,no,no,1,1,1,2,1,1,2,2,1
1,1,1,0,0,1,0,0,0,1,5,m,yes,no,0,0,0,0,0,2,2,1,1
1,1,1,0,1,1,0,0,0,0,4,m,no,no,0,1,0,1,0,2,2,1,1
0,0,0,1,1,1,0,0,0,1,5,m,no,no,0,1,0,1,0,0,1,1,1
1,1,1,1,1,1,1,1,1,1,4,f,no,no,1,2,2,2,2,2,2,2,2
1,0,0,0,1,0,1,0,0,1,5,m,no,no,0,1,1,2,1,1,0,1,0
1,0,1,1,1,1,1,1,0,1,5,m,no,no,1,1,1,2,1,1,2,2,1
1,1,1,1,0,1,0,0,0,1,4,m,no,no,0,0,0,0,0,2,2,2,2
1,1,0,0,1,0,1,1,0,0,6,m,no,no,0,1,1,2,1,2,0,1,1
1,1,1,1,1,1,1,1,1,1,6,f,no,no,1,2,2,2,2,2,1,2,2
0,1,1,0,0,1,1,0,1,1,5,m,no,no,0,1,2,1,2,1,2,1,1
1,0,1,1,1,1,1,0,1,1,11,m,no,no,1,2,2,2,2,1,2,2,1
1,1,1,1,0,1,0,1,1,1,10,m,yes,no,1,1,1,0,1,2,2,2,2
1,1,0,0,1,1,0,0,0,1,4,m,no,no,0,1,0,1,0,2,1,1,1
1,0,1,1,1,1,1,1,1,1,5,m,no,no,1,2,2,2,2,1,2,2,1
1,0,1,0,1,1,1,0,1,1,10,m,yes,no,1,2,2,2,2,1,2,1,0
1,0,1,0,0,0,1,1,0,0,9,m,yes,no,0,1,1,1,1,1,1,1,0
0,1,1,1,1,1,0,1,0,1,4,m,no,no,1,1,0,1,0,1,2,1,2
1,0,1,0,0,0,0,0,1,0,4,f,no,no,0,1,1,0,1,1,1,1,0
0,0,1,0,0,0,1,0,1,0,5,m,no,no,0,1,2,1,2,0,1,0,0
1,1,1,1,1,0,1,1,1,1,8,m,no,no,1,2,2,2,2,2,1,2,2
1,1,1,1,1,1,1,0,1,1,8,m,yes,no,1,2,2,2,2,2,2,2,2
1,0,1,1,0,0,0,0,1,0,6,m,no,no,0,1,1,0,1,1,1,2,1
0,0,1,0,1,1,1,1,0,1,11,m,no,no,0,1,1,2,1,0,2,1,0
1,1,1,0,1,1,0,0,1,1,10,f,no,no,1,1,1,1,1,2,2,1,1
1,0,0,0,1,0,0,1,0,1,6,f,no,no,0,1,0,1,0,1,0,1,0
1,1,1,1,1,1,1,1,1,0,6,m,no,no,1,2,2,2,2,2,2,2,2
0,0,1,0,0,0,0,0,0,1,4,m,no,no,0,0,0,0,0,0,1,1,0
0,1,1,1,1,1,0,0,0,1,4,m,no,no,0,1,0,1,0,1,2,1,2
0,1,1,0,0,1,0,1,1,1,4,f,yes,no,0,1,1,0,1,1,2,0,1
0,0,0,0,1,1,1,0,1,0,5,m,no,no,0,2,2,2,2,0,1,0,0
1,0,1,0,1,1,1,0,0,1,10,f,no,no,0,1,1,2,1,1,2,1,0
0,1,0,1,1,1,1,1,1,1,10,f,no,no,1,2,2,2,2,1,1,1,2
0,1,1,1,1,1,1,1,1,1,5,f,yes,no,1,2,2,2,2,1,2,1,2
1,1,1,1,1,1,1,1,1,1,7,f,yes,no,1,2,2,2,2,2,2,2,2
1,0,0,0,1,0,1,0,0,1,7,f,yes,no,0,1,1,2,1,1,0,1,0
1,0,1,1,1,1,1,0,0,1,4,m,no,no,1,1,1,2,1,1,2,2,1
1,1,1,0,1,1,1,1,1,1,4,m,no,no,1,2,2,2,2,2,2,1,1
0,0,1,0,1,0,1,0,0,0,4,f,no,no,0,1,1,2,1,0,1,0,0
